decil_probabilidad;marca_bueno_evidente;clientes;respuesta;tasa_buenos;distribucion;lift;saldo_total;sum_pagos_3m_total;sum_pagos_1m_total;sum_pagos_2m_total; sum_pagos_3m_acum ; sum_pagos_1m_acum ; sum_pagos_2m_acum ;tasa_recu_3m_acum;tasa_recu_1m_acum;tasa_recu_2m_acum;buenos_acumulados;psi;ks;roc;fecha;segmento
0;0;32450;808;0,024899846;0,123860635;0,496685003;61989211279;668342780;209607076;444363284; 668.342.780 ; 209.607.076 ; 444.363.284 ;0,010781598;0,003381348;0,007168397;1;5,25341158;0,18023644;0,617567806;202503;1_Alto_p1
0;1;103;77;0,747572816;0,000393148;14,91206843;205858065;43095683;17623564;30957019;711438463;227230640;475320303;0,011438824;0,003653515;0,007642411;0,93848028;5,25341158;0,18023644;0,617567806;202503;1_Alto_p1
1;0;20241;544;0,026876142;0,077259264;0,536106808;23144365887;348452097;114816160;245492609; 1.059.890.560 ; 342.046.800 ; 720.812.912 ;0,012419704;0,004008074;0,008446422;0,932617634;5,25341158;0,18023644;0,617567806;202503;1_Alto_p1
1;1;93;83;0,892473118;0,000354978;17,80244003;164699065;35348667;14972787;27855226;1095239227;357019587;748668138;0,012809196;0,004175466;0,008755929;0,891198416;5,25341158;0,18023644;0,617567806;202503;1_Alto_p1
2;0;25888;700;0,027039555;0,098813686;0,539366449;26805089347;415329115;141709981;281702023; 1.510.568.342 ; 498.729.568 ; 1.030.370.161 ;0,013450083;0,004440682;0,009174404;0,88487894;5,25341158;0,18023644;0,617567806;202503;1_Alto_p1
2;1;100;93;0,93;0,000381697;18,55100046;159147952;41555214;17811744;30210032;1552123556;516541312;1060580193;0,013800534;0,00459277;0,009430031;0,831582153;5,25341158;0,18023644;0,617567806;202503;1_Alto_p1
3;0;27247;984;0,036114068;0,104000947;0,720378586;37190551112;650047339;226180817;446352458; 2.202.170.895 ; 742.722.129 ; 1.506.932.651 ;0,014714598;0,004962765;0,010069113;0,824501294;5,25341158;0,18023644;0,617567806;202503;1_Alto_p1
3;1;99;87;0,878787879;0,00037788;17,52945628;167989549;32688782;11728165;23439859;2234859677;754450294;1530372510;0,014916277;0,005035479;0,01021427;0,74958124;5,25341158;0,18023644;0,617567806;202503;1_Alto_p1
4;0;25048;863;0,034453849;0,095607432;0,687261679;43561788425;719266904;221845204;484201300; 2.954.126.581 ; 976.295.498 ; 2.014.573.810 ;0,01527559;0,005048359;0,010417226;0,74295721;5,25341158;0,18023644;0,617567806;202503;1_Alto_p1
4;1;115;99;0,860869565;0,000438951;17,17203408;181361187;47913243;21915852;36310222;3002039824;998211350;2050884032;0,015508802;0,005156848;0,010595048;0,677249886;5,25341158;0,18023644;0,617567806;202503;1_Alto_p1
5;0;25914;1622;0,062591649;0,098912927;1,248535177;55004401594;1350834983;466093911;947559450; 4.352.874.807 ; 1.464.305.261 ; 2.998.443.482 ;0,017511352;0,005890811;0,012062556;0,669712197;5,25341158;0,18023644;0,617567806;202503;1_Alto_p1
5;1;126;89;0,706349206;0,000480938;14,08976823;296554276;44228488;13457720;31375391;4397103295;1477762981;3029818873;0,017668202;0,005937867;0,012174254;0,546215928;5,25341158;0,18023644;0,617567806;202503;1_Alto_p1
6;0;25966;1378;0,053069398;0,09911141;1,058591865;50827810220;1169519213;412712535;831257896; 5.566.622.508 ; 1.890.475.516 ; 3.861.076.769 ;0,018574055;0,006307918;0,012883189;0,539439622;5,25341158;0,18023644;0,617567806;202503;1_Alto_p1
6;1;127;97;0,763779528;0,000484755;15,23534878;280007148;46404458;18507384;34676791;5613026966;1908982900;3895753560;0,01871141;0,006363725;0,012986761;0,43452109;5,25341158;0,18023644;0,617567806;202503;1_Alto_p1
7;0;30750;1404;0,045658537;0,117371788;0,910765089;56101928709;1129631925;378599421;801748458; 6.742.658.891 ; 2.287.582.321 ; 4.697.502.018 ;0,018935757;0,006424336;0,013192238;0,427135678;5,25341158;0,18023644;0,617567806;202503;1_Alto_p1
7;1;146;119;0,815068493;0,000557277;16,25842579;321893495;65288184;25284658;50241966;6807947075;2312866979;4747743984;0,019101842;0,006489477;0,013321292;0,320237551;5,25341158;0,18023644;0,617567806;202503;1_Alto_p1
8;0;24012;1137;0,047351324;0,091653053;0,944531655;40375796763;819850572;247735635;545912843; 7.627.797.647 ; 2.560.602.614 ; 5.293.656.827 ;0,019224324;0,006453482;0,013341593;0,311177098;5,25341158;0,18023644;0,617567806;202503;1_Alto_p1
8;1;155;132;0,851612903;0,00059163;16,98738856;294757525;64822675;24748020;45079119;7692620322;2585350634;5338735946;0,019373305;0,006511018;0,013445218;0,224607888;5,25341158;0,18023644;0,617567806;202503;1_Alto_p1
9;0;22890;2468;0,107820009;0,087370414;2,150719389;57204372274;2227979162;821070754;1629836765; 9.920.599.484 ; 3.406.421.388 ; 6.968.572.711 ;0,021838188;0,007498546;0,0153399;0,214557637;5,25341158;0,18023644;0,617567806;202503;1_Alto_p1
9;1;518;350;0,675675676;0,00197719;13,47791373;1259728298;202650883;83757899;147150894;10123250367;3490179287;7115723605;0,022222659;0,007661676;0,015620507;0,026648393;5,25341158;0,18023644;0,617567806;202503;1_Alto_p1
0;0;2633;11;0,004177744;0,099984811;0,11855249;16632087312;18333681;1703204;5937987; 18.333.681 ; 1.703.204 ; 5.937.987 ;0,001102308;0,000102405;0,00035702;1;4,515200823;0,346053793;0,718736682;202503;5_Bajo_p1
0;1;1;1;1;3,80E-05;28,37715517;9280423;161115;32223;64446;18494796;1735427;6002433;0,001111375;0,000104284;0,000360693;0,988146552;4,515200823;0,346053793;0,718736682;202503;5_Bajo_p1
1;0;2628;17;0,006468798;0,099794942;0,183566072;16915325703;25335613;911745;7669120; 43.830.409 ; 2.647.172 ; 13.671.553 ;0,00130616;7,89E-05;0,000407417;0,987068966;4,515200823;0,346053793;0,718736682;202503;5_Bajo_p1
1;1;5;3;0,6;0,000189869;17,0262931;63243668;2700190;951124;2182935;46530599;3598296;15854488;0,001384018;0,000107029;0,00047158;0,96875;4,515200823;0,346053793;0,718736682;202503;5_Bajo_p1
2;0;2622;20;0,007627765;0,0995671;0,216454273;18201984109;31708594;3949452;12726083; 78.239.193 ; 7.547.748 ; 28.580.571 ;0,00150977;0,000145648;0,000551515;0,965517241;4,515200823;0,346053793;0,718736682;202503;5_Bajo_p1
2;1;11;11;1;0,000417711;28,37715517;79412909;3362516;1927238;2753708;81601709;9474986;31334279;0,001572247;0,000182558;0,000603728;0,943965517;4,515200823;0,346053793;0,718736682;202503;5_Bajo_p1
3;0;2613;25;0,009567547;0,099225336;0,271499762;20496567892;38600819;11786567;27193802; 120.202.528 ; 21.261.553 ; 58.528.081 ;0,001660304;0,000293676;0,000808422;0,932112069;4,515200823;0,346053793;0,718736682;202503;5_Bajo_p1
3;1;20;19;0,95;0,000759474;26,95829741;292334764;16204467;3081237;12437265;136406995;24342790;70965346;0,001876552;0,000334884;0,000976271;0,905172414;4,515200823;0,346053793;0,718736682;202503;5_Bajo_p1
4;0;2611;30;0,011489851;0,099149389;0,326049274;23768461087;41788696;8916334;29038025; 178.195.691 ; 33.259.124 ; 100.003.371 ;0,001847378;0,000344802;0,001036748;0,884698276;4,515200823;0,346053793;0,718736682;202503;5_Bajo_p1
4;1;23;20;0,869565217;0,000873396;24,67578711;253485345;22999417;16462056;20137623;201195108;49721180;120140994;0,002080349;0,000514115;0,001242253;0,85237069;4,515200823;0,346053793;0,718736682;202503;5_Bajo_p1
5;0;2589;49;0,018926226;0,098313967;0,537072462;28126634305;99171124;21758544;77498776; 300.366.232 ; 71.479.724 ; 197.639.770 ;0,002406032;0,000572576;0,00158316;0,830818966;4,515200823;0,346053793;0,718736682;202503;5_Bajo_p1
5;1;45;41;0,911111111;0,001708817;25,85474138;522024624;24793543;6006831;15568139;325159775;77486555;213207909;0,002593791;0,000618108;0,001700754;0,778017241;4,515200823;0,346053793;0,718736682;202503;5_Bajo_p1
6;0;2551;48;0,018816151;0,096870965;0,533948823;35567365022;86885661;21349059;46058639; 412.045.436 ; 98.835.614 ; 259.266.548 ;0,00256043;0,00061416;0,00161107;0,733836207;4,515200823;0,346053793;0,718736682;202503;5_Bajo_p1
6;1;81;72;0,888888889;0,003075871;25,22413793;1109915789;53251957;16602991;38466444;465297393;115438605;297732992;0,00287153;0,000712416;0,001837426;0,682112069;4,515200823;0,346053793;0,718736682;202503;5_Bajo_p1
7;0;2538;63;0,024822695;0,096377307;0,704397469;47068363516;279554049;81751638;141073400; 744.851.442 ; 197.190.243 ; 438.806.392 ;0,003562068;0,000943014;0,002098483;0,604525862;4,515200823;0,346053793;0,718736682;202503;5_Bajo_p1
7;1;96;86;0,895833333;0,003645477;25,42120151;1922265246;105617864;33184757;69938401;850469306;230375000;508744793;0,004030111;0,001091676;0,002410784;0,536637931;4,515200823;0,346053793;0,718736682;202503;5_Bajo_p1
8;0;2495;85;0,034068136;0,094744437;0,966756789;75039802383;236275782;44424387;123852496; 1.086.745.088 ; 274.799.387 ; 632.597.289 ;0,003798897;0,000960607;0,002211349;0,443965517;4,515200823;0,346053793;0,718736682;202503;5_Bajo_p1
8;1;139;125;0,899280576;0,005278347;25,51902444;3093144876;175014294;54127607;133157888;1261759382;328926994;765755177;0,004363508;0,001137519;0,00264819;0,35237069;4,515200823;0,346053793;0,718736682;202503;5_Bajo_p1
9;0;2478;68;0,027441485;0,094098884;0,77871128;1,05534E+11;268026434;51514979;156108570; 1.529.785.816 ; 380.441.973 ; 921.863.747 ;0,003875858;0,000963886;0,00233563;0,217672414;4,515200823;0,346053793;0,718736682;202503;5_Bajo_p1
9;1;155;134;0,864516129;0,005885927;24,53250834;5161159294;255533169;82671133;159858057;1785318985;463113106;1081721804;0,004464892;0,001158196;0,00270527;0,144396552;4,515200823;0,346053793;0,718736682;202503;5_Bajo_p1
0;0;14551;138;0,009483884;0,099308641;0,212380739;1,98803E+11;830789477;251573087;578309596; 830.789.477 ; 251.573.087 ; 578.309.596 ;0,004178951;0,001265437;0,002908953;1;4,234139099;0,264410512;0,682543648;202503;3_Medio_p1
0;1;99;61;0,616161616;0,000675662;13,79823452;3676083975;132255354;58266099;96914551;963044831;309839186;675224147;0,00475626;0,001530226;0,003334779;0,978908757;4,234139099;0,264410512;0,682543648;202503;3_Medio_p1
1;0;14517;212;0,014603568;0,099076595;0,327030204;2,1257E+11;907839231;273244109;613642374; 1.870.884.062 ; 583.083.295 ; 1.288.866.521 ;0,004507622;0,001404854;0,003105336;0,969585817;4,234139099;0,264410512;0,682543648;202503;3_Medio_p1
1;1;133;63;0,473684211;0,000907707;10,60761601;4858574408;137841300;51224150;93594202;2008725362;634307445;1382460723;0,004783732;0,001510588;0,003292298;0,937184778;4,234139099;0,264410512;0,682543648;202503;3_Medio_p1
2;0;14488;286;0,019740475;0,098878674;0,442065352;2,17434E+11;1299282575;409949296;862458165; 3.308.007.937 ; 1.044.256.741 ; 2.244.918.888 ;0,005190321;0,001638457;0,003522316;0,927556167;4,234139099;0,264410512;0,682543648;202503;3_Medio_p1
2;1;161;114;0,708074534;0,001098804;15,85651918;5670038201;243053857;111870077;179511094;3551061794;1156126818;2424429982;0,005522546;0,001797987;0,003770429;0,883845331;4,234139099;0,264410512;0,682543648;202503;3_Medio_p1
3;0;14472;311;0,021489773;0,098769476;0,481238891;2,02138E+11;1378835539;301384220;792273697; 4.929.897.333 ; 1.457.511.038 ; 3.216.703.679 ;0,005833168;0,001724561;0,003806078;0,866422131;4,234139099;0,264410512;0,682543648;202503;3_Medio_p1
3;1;178;123;0,691011236;0,001214826;15,47440613;4910512732;194543043;63427860;124559013;5124440376;1520938898;3341262692;0,006028329;0,001789214;0,003930621;0,818890417;4,234139099;0,264410512;0,682543648;202503;3_Medio_p1
4;0;14477;345;0,023830904;0,098803601;0,533665838;2,01471E+11;1085753654;450837843;761081859; 6.210.194.030 ; 1.971.776.741 ; 4.102.344.551 ;0,00590586;0,001875149;0,003901307;0,800091701;4,234139099;0,264410512;0,682543648;202503;3_Medio_p1
4;1;177;119;0,672316384;0,001208001;15,05575631;4724028084;220674194;74827328;159513008;6430868224;2046604069;4261857559;0,006088368;0,001937604;0,004034876;0,747363595;4,234139099;0,264410512;0,682543648;202503;3_Medio_p1
5;0;14476;420;0,02901354;0,098796776;0,64972503;1,97482E+11;1263898603;485742932;864953706; 7.694.766.827 ; 2.532.347.001 ; 5.126.811.265 ;0,006137468;0,00201984;0,004089226;0,729176219;4,234139099;0,264410512;0,682543648;202503;3_Medio_p1
5;1;181;134;0,740331492;0,001235301;16,57887684;3896145668;219114711;60250797;115270847;7913881538;2592597798;5242082112;0,006292682;0,002061491;0,004168214;0,664985481;4,234139099;0,264410512;0,682543648;202503;3_Medio_p1
6;0;14443;451;0,0312262;0,098571555;0,699275017;2,05016E+11;1475130896;465083449;1064892855; 9.389.012.434 ; 3.057.681.247 ; 6.306.974.967 ;0,006419185;0,00209051;0,004312023;0,644505578;4,234139099;0,264410512;0,682543648;202503;3_Medio_p1
6;1;206;150;0,72815534;0,001405923;16,30620585;4967075596;252604026;96529478;161360986;9641616460;3154210725;6468335953;0,006569578;0,002149207;0,004407377;0,575576952;4,234139099;0,264410512;0,682543648;202503;3_Medio_p1
7;0;14443;578;0,040019387;0,098571555;0,896188381;2,17959E+11;2061399142;673650593;1358622864; 11.703.015.602 ; 3.827.861.318 ; 7.826.958.817 ;0,006943043;0,002270954;0,004643496;0,552651689;4,234139099;0,264410512;0,682543648;202503;3_Medio_p1
7;1;213;163;0,765258216;0,001453697;17,13708231;4339798416;240564028;93782724;171977638;11943579630;3921644042;7998936455;0,007067566;0,002320617;0,004733339;0,464313006;4,234139099;0,264410512;0,682543648;202503;3_Medio_p1
8;0;14307;730;0,051023974;0,097643373;1,142623534;2,61503E+11;2437327016;789881628;1634884635; 14.380.906.646 ; 4.711.525.670 ; 9.633.821.090 ;0,007369467;0,002414412;0,004936832;0,439400886;4,234139099;0,264410512;0,682543648;202503;3_Medio_p1
8;1;346;268;0,774566474;0,002361404;17,3455301;6890583509;372922198;127209411;240577794;14753828844;4838735081;9874398884;0,007533967;0,002470875;0,005042311;0,32783127;4,234139099;0,264410512;0,682543648;202503;3_Medio_p1
9;0;14107;1440;0,102076983;0,0962784;2,285897263;3,9624E+11;5973173865;2242820482;4205952467; 20.727.002.709 ; 7.081.555.563 ; 14.080.351.351 ;0,008802963;0,003007607;0,005980064;0,286871466;4,234139099;0,264410512;0,682543648;202503;3_Medio_p1
9;1;548;437;0,797445255;0,003740027;17,85787424;11797343643;870179508;322381248;556659935;21597182217;7403936811;14637011286;0,009126807;0,003128848;0,006185491;0,066788935;4,234139099;0,264410512;0,682543648;202503;3_Medio_p1
0;0;3734;336;0,089983931;0,088014143;0,317416504;11326910784;332116977;106653284;223324861; 332.116.977 ; 106.653.284 ; 223.324.861 ;0,029321055;0,00941592;0,019716308;1;1,608604071;0,19284246;0,625305297;202503;2_Alto_p2
0;1;535;440;0,822429907;0,012610489;2,901104913;1304307186;216522196;83610419;167238094;548639173;190263703;390562955;0,043435176;0,015062974;0,030920451;0,972062859;1,608604071;0,19284246;0,625305297;202503;2_Alto_p2
1;0;3592;451;0,125556793;0,08466706;0,442899055;8270200173;390730743;156409327;285244973; 939.369.916 ; 346.673.030 ; 675.807.928 ;0,044942879;0,016586101;0,032333114;0,935478507;1,608604071;0,19284246;0,625305297;202503;2_Alto_p2
1;1;654;577;0,882262997;0,015415439;3,112164933;1355904661;287061435;103887204;199792437;1226431351;450560234;875600365;0,055102375;0,020243236;0,039339878;0,897979546;1,608604071;0,19284246;0,625305297;202503;2_Alto_p2
2;0;3802;402;0,105733824;0,089616971;0,372973933;7007938531;306611172;111164502;209001175; 1.533.042.523 ; 561.724.736 ; 1.084.601.540 ;0,052384378;0,01919425;0,037061058;0,850004157;1,608604071;0,19284246;0,625305297;202503;2_Alto_p2
2;1;466;410;0,879828326;0,01098409;3,103576681;979485367;209678764;83216184;156192664;1742721287;644940920;1240794204;0,057620628;0,021324064;0,041025115;0,816579363;1,608604071;0,19284246;0,625305297;202503;2_Alto_p2
3;0;3740;436;0,11657754;0,088155569;0,411224922;6968357976;338365907;126469081;245980485; 2.081.087.194 ; 771.410.001 ; 1.486.774.689 ;0,055923504;0,020729525;0,039952987;0,782489399;1,608604071;0,19284246;0,625305297;202503;2_Alto_p2
3;1;531;468;0,881355932;0,012516205;3,10896528;1190028480;242959543;95712536;178820959;2324046737;867122537;1665595648;0,060517113;0,022579474;0,043371348;0,746237632;1,608604071;0,19284246;0,625305297;202503;2_Alto_p2
4;0;3704;508;0,137149028;0,087307012;0,483790431;7422334046;372000352;145977359;285894087; 2.696.047.089 ; 1.013.099.896 ; 1.951.489.735 ;0,058832943;0,022107792;0,042585267;0,707325185;1,608604071;0,19284246;0,625305297;202503;2_Alto_p2
4;1;558;485;0,869175627;0,013152622;3,0659995;1329377959;268957592;102340711;195598254;2965004681;1115440607;2147087989;0,062878049;0,023654846;0,045532712;0,665086888;1,608604071;0,19284246;0,625305297;202503;2_Alto_p2
5;0;3636;559;0,153740374;0,085704184;0,54231607;6987816490;410007804;172620774;316331196; 3.375.012.485 ; 1.288.061.381 ; 2.463.419.185 ;0,062335548;0,023790138;0,045498672;0,624760955;1,608604071;0,19284246;0,625305297;202503;2_Alto_p2
5;1;611;513;0,839607201;0,014401886;2,961697474;1406819016;273772217;120200803;206143694;3648784702;1408262184;2669562879;0,065685307;0,025351491;0,048057387;0,578282198;1,608604071;0,19284246;0,625305297;202503;2_Alto_p2
6;0;3543;639;0,180355631;0,08351208;0,636200851;6773742301;480804880;188156305;359930642; 4.129.589.582 ; 1.596.418.489 ; 3.029.493.521 ;0,066260848;0,025615147;0,048609385;0,53562817;1,608604071;0,19284246;0,625305297;202503;2_Alto_p2
6;1;694;587;0,845821326;0,016358279;2,983617672;1651276788;335948305;136661533;249881224;4465537887;1733080022;3279374745;0,069801841;0,027090169;0,051260655;0,482497713;1,608604071;0,19284246;0,625305297;202503;2_Alto_p2
7;0;3451;727;0,210663576;0,081343547;0,743111516;6253309596;511848873;221410054;390451176; 4.977.386.760 ; 1.954.490.076 ; 3.669.825.921 ;0,070874869;0,027830714;0,052256022;0,433690862;1,608604071;0,19284246;0,625305297;202503;2_Alto_p2
7;1;775;672;0,867096774;0,018267531;3,058666388;1757697384;376470839;157591740;279000283;5353857599;2112081816;3948826204;0,074374104;0,029340376;0,054855851;0,373243535;1,608604071;0,19284246;0,625305297;202503;2_Alto_p2
8;0;3347;943;0,281744846;0,078892163;0,993849264;5852538412;678495324;324904190;541998113; 6.032.352.923 ; 2.436.986.006 ; 4.490.824.317 ;0,077498772;0,031308417;0,057694464;0,317369253;1,608604071;0,19284246;0,625305297;202503;2_Alto_p2
8;1;867;735;0,847750865;0,020436064;2,990424083;2021581757;457303742;206686478;351365660;6489656665;2643672484;4842189977;0,081263298;0,033103992;0,060633767;0,238962335;1,608604071;0,19284246;0,625305297;202503;2_Alto_p2
9;0;3099;1197;0,38625363;0,073046553;1,362501893;5468090486;817215532;414286349;674686741; 7.306.872.197 ; 3.057.958.833 ; 5.516.876.718 ;0,085633044;0,035837814;0,064655154;0,177849838;1,608604071;0,19284246;0,625305297;202503;2_Alto_p2
9;1;1086;942;0,867403315;0,025598114;3,059747704;2416095775;575515850;277140740;466015437;7882388047;3335099573;5982892155;0,089834118;0,038009513;0,068185915;0,078323772;1,608604071;0,19284246;0,625305297;202503;2_Alto_p2
0;0;2533;189;0,074615081;0,090925407;0,247839147;48855428493;811995921;300148875;515317393; 811.995.921 ; 300.148.875 ; 515.317.393 ;0,016620383;0,006143614;0,010547802;1;1,404730194;0,22680017;0,654794735;202503;4_Medio_p2
0;1;255;194;0,760784314;0,009153565;2,526997664;4034353960;163112782;57843389;110837440;975108703;357992264;626154833;0,018436618;0,006768647;0,011838862;0,977465125;1,404730194;0,22680017;0,654794735;202503;4_Medio_p2
1;0;2397;202;0,084272007;0,086043506;0,279915293;44166711026;657609293;225606679;465327551; 1.632.717.996 ; 583.598.943 ; 1.091.482.384 ;0,016822347;0,006012982;0,011245846;0,954334088;1,404730194;0,22680017;0,654794735;202503;4_Medio_p2
1;1;392;324;0,826530612;0,014071362;2,745378538;5063714763;325042388;99867370;236412322;1957760384;683466313;1327894706;0,019171136;0,006692763;0,013003251;0,930249195;1,404730194;0,22680017;0,654794735;202503;4_Medio_p2
2;0;2378;267;0,112279226;0,085361476;0,372943208;41612884015;851814436;288962121;642585386; 2.809.574.820 ; 972.428.434 ; 1.970.480.092 ;0,019547167;0,006765515;0,0137093;0,89161798;1,404730194;0,22680017;0,654794735;202503;4_Medio_p2
2;1;407;343;0,842751843;0,014609807;2,799258476;5732039980;379441808;147358545;273247617;3189016628;1119786979;2243727709;0,021336191;0,007491961;0,015011713;0,859782997;1,404730194;0,22680017;0,654794735;202503;4_Medio_p2
3;0;2344;259;0,110494881;0,084141001;0,36701638;43124019710;1017965721;343429922;698029567; 4.206.982.349 ; 1.463.216.901 ; 2.941.757.276 ;0,021844337;0,007597608;0,015274782;0,818886372;1,404730194;0,22680017;0,654794735;202503;4_Medio_p2
3;1;441;380;0,861678005;0,015830282;2,86212303;5723261278;470760625;184728675;345182925;4677742974;1647945576;3286940201;0,023587747;0,008309846;0,016574556;0,788005246;1,404730194;0,22680017;0,654794735;202503;4_Medio_p2
4;0;2291;286;0,124836316;0,082238495;0,414652449;41069637412;865647327;360761091;554609550; 5.543.390.301 ; 2.008.706.667 ; 3.841.549.751 ;0,023157084;0,008391217;0,016047777;0,742697031;1,404730194;0,22680017;0,654794735;202503;4_Medio_p2
4;1;491;420;0,855397149;0,017625099;2,841260733;6435513886;574081316;209470792;423210655;6117471617;2218177459;4264760406;0,024886227;0,009023674;0,017349291;0,708596638;1,404730194;0,22680017;0,654794735;202503;4_Medio_p2
5;0;2215;360;0,162528217;0,079510374;0,539848702;42452937495;1377664275;547621160;928334990; 7.495.135.892 ; 2.765.798.619 ; 5.193.095.396 ;0,026000357;0,009594456;0,018014661;0,658519137;1,404730194;0,22680017;0,654794735;202503;4_Medio_p2
5;1;570;503;0,88245614;0,020460909;2,931139044;8347910689;769287439;314351923;577879270;8264423331;3080150542;5770974666;0,027862139;0,010384219;0,019455888;0,615595565;1,404730194;0,22680017;0,654794735;202503;4_Medio_p2
6;0;2151;404;0,187819619;0,077213009;0,623855841;42970935809;1271404769;547267290;1021191539; 9.535.828.100 ; 3.627.417.832 ; 6.792.166.205 ;0,028080469;0,010681777;0,020001117;0,555621796;1,404730194;0,22680017;0,654794735;202503;4_Medio_p2
6;1;633;532;0,840442338;0,022722378;2,791587296;8953801809;708596858;262020320;493233388;10244424958;3889438152;7285399593;0,029392128;0,01115913;0,020902432;0,507452009;1,404730194;0,22680017;0,654794735;202503;4_Medio_p2
7;0;2068;431;0,208413926;0,074233613;0,692261257;49208921929;1683782108;707871506;1249124951; 11.928.207.066 ; 4.597.309.658 ; 8.534.524.544 ;0,029989051;0,011558229;0,021456895;0,444020508;1,404730194;0,22680017;0,654794735;202503;4_Medio_p2
7;1;718;598;0,832869081;0,025773566;2,766432199;11094558132;867117719;324400748;633927026;12795324785;4921710406;9168451570;0,031296148;0,012038036;0,022425161;0,392631453;1,404730194;0,22680017;0,654794735;202503;4_Medio_p2
8;0;1973;510;0,25848961;0,070823462;0,858591099;46891060719;1697402964;727394834;1228291878; 14.492.727.749 ; 5.649.105.240 ; 10.396.743.448 ;0,031800591;0,012395519;0,022812999;0,321330631;1,404730194;0,22680017;0,654794735;202503;4_Medio_p2
8;1;815;683;0,83803681;0,02925551;2,783597168;12651261083;1111842077;443225246;803135646;15604569826;6092330486;11199879094;0,03331541;0,01300699;0,023911493;0,260522237;1,404730194;0,22680017;0,654794735;202503;4_Medio_p2
9;0;1879;722;0,38424694;0,067449207;1,27630276;48842616208;2947332681;1144423421;2264724295; 18.551.902.507 ; 7.236.753.907 ; 13.464.603.389 ;0,035867692;0,013991323;0,02603206;0,179086682;1,404730194;0,22680017;0,654794735;202503;4_Medio_p2
9;1;907;780;0,859977949;0,032557973;2,856476179;14468492174;1393271947;525129403;1050442310;19945174454;7761883310;14515045699;0,037512079;0,014598237;0,027299312;0,093001073;1,404730194;0,22680017;0,654794735;202503;4_Medio_p2
0;0;784;18;0,022959184;0,097379208;0,082372722;21896524569;78093636;26176544;66691882; 78.093.636 ; 26.176.544 ; 66.691.882 ;0,003566485;0,001195466;0,003045775;1;1,669470493;0,38692415;0,743793986;202503;6_Bajo_p2
0;1;23;14;0,608695652;0,002856788;2,183871968;1021266073;38755309;25358898;31561788;116848945;51535442;98253670;0,005098613;0,002248709;0,004287223;0,99197861;1,669470493;0,38692415;0,743793986;202503;6_Bajo_p2
1;0;771;30;0,038910506;0,095764501;0,139602711;14445981998;211602914;52193045;141357757; 328.451.859 ; 103.728.487 ; 239.611.427 ;0,00879065;0,002776178;0,006412935;0,98573975;1,669470493;0,38692415;0,743793986;202503;6_Bajo_p2
1;1;35;28;0,8;0,004347286;2,870231729;862657625;50205326;20622577;37559839;378657185;124351064;277171266;0,009905638;0,003253013;0,007250776;0,972370766;1,669470493;0,38692415;0,743793986;202503;6_Bajo_p2
2;0;757;42;0,055482166;0,094025587;0,199058343;14018256500;111979574;51386047;73152829; 490.636.759 ; 175.737.111 ; 350.324.095 ;0,009391132;0,003363732;0,006705449;0,959893048;1,669470493;0,38692415;0,743793986;202503;6_Bajo_p2
2;1;49;42;0,857142857;0,0060862;3,075248281;1061493400;40135202;19513351;30608078;530771961;195250462;380932173;0,009957044;0,003662811;0,007146116;0,941176471;1,669470493;0,38692415;0,743793986;202503;6_Bajo_p2
3;0;713;48;0,067321178;0,088560427;0,241534227;11519153637;117781333;53271160;77333029; 648.553.294 ; 248.521.622 ; 458.265.202 ;0,010004627;0,003833711;0,00706923;0,922459893;1,669470493;0,38692415;0,743793986;202503;6_Bajo_p2
3;1;93;80;0,860215054;0,01155136;3,086270676;1668634087;58212512;21382405;37338163;706765806;269904027;495603365;0,010629021;0,004059075;0,007453358;0,901069519;1,669470493;0,38692415;0,743793986;202503;6_Bajo_p2
4;0;647;54;0,083462133;0,080362688;0,299444578;9341825434;98456370;47228498;77351353; 805.222.176 ; 317.132.525 ; 572.954.718 ;0,01061797;0,004181832;0,007555202;0,865418895;1,669470493;0,38692415;0,743793986;202503;6_Bajo_p2
4;1;158;141;0,892405063;0,019624891;3,20176166;2670361638;152058481;57581849;103113084;957280657;374714374;676067802;0,012193702;0,004773057;0,008611653;0,841354724;1,669470493;0,38692415;0,743793986;202503;6_Bajo_p2
5;0;603;74;0,122719735;0,074897528;0,440292595;8711569188;93619305;31375736;53712924; 1.050.899.962 ; 406.090.110 ; 729.780.726 ;0,012049156;0,00465605;0,008367344;0,778520499;1,669470493;0,38692415;0,743793986;202503;6_Bajo_p2
5;1;202;183;0,905940594;0,025090051;3,250324297;3189095423;157602762;51891618;109620955;1208502724;457981728;839401681;0,013367385;0,005065787;0,009284716;0,745543672;1,669470493;0,38692415;0,743793986;202503;6_Bajo_p2
6;0;532;72;0,135338346;0,066078748;0,485565518;6974422074;111859111;53162331;86065008; 1.320.361.835 ; 511.144.059 ; 925.466.689 ;0,013558688;0,005248897;0,009503542;0,66399287;1,669470493;0,38692415;0,743793986;202503;6_Bajo_p2
6;1;272;252;0,926470588;0,033784623;3,323981598;3943046258;210498585;64786722;156663275;1530860420;575930781;1082129964;0,015108524;0,005684035;0,010679867;0,631907308;1,669470493;0,38692415;0,743793986;202503;6_Bajo_p2
7;0;500;82;0,164;0,062104086;0,588397504;5912501683;107949014;30514532;56767406; 1.638.809.434 ; 606.445.313 ; 1.138.897.370 ;0,015282157;0,005655198;0,010620398;0,519607843;1,669470493;0,38692415;0,743793986;202503;6_Bajo_p2
7;1;305;274;0,898360656;0,037883493;3,223129073;4097583385;271910715;115798198;198143042;1910720149;722243511;1337040412;0,017161997;0,006487157;0,012009233;0,483065954;1,669470493;0,38692415;0,743793986;202503;6_Bajo_p2
8;0;507;113;0,222879684;0,062973544;0,799645427;6282296184;318430243;223201770;253583357; 2.229.150.392 ; 945.445.281 ; 1.590.623.769 ;0,018952674;0,008038361;0,013523795;0,360962567;1,669470493;0,38692415;0,743793986;202503;6_Bajo_p2
8;1;299;278;0,929765886;0,037138244;3,335804434;3509098603;278566791;94923881;207797388;2507717183;1040369162;1798421157;0,020703416;0,008589165;0,014847552;0,310606061;1,669470493;0,38692415;0,743793986;202503;6_Bajo_p2
9;0;495;138;0,278787879;0,061483046;1,000232269;5438212241;197300667;118105538;174497355; 2.705.017.850 ; 1.158.474.700 ; 1.972.918.512 ;0,021372731;0,009153273;0,01558831;0,186720143;1,669470493;0,38692415;0,743793986;202503;6_Bajo_p2
9;1;306;281;0,918300654;0,038007701;3,294669591;3202611026;285638523;113454062;212349192;2990656373;1271928762;2185267704;0,023046428;0,009801666;0,016839987;0,125222816;1,669470493;0,38692415;0,743793986;202503;6_Bajo_p2
0;0;26425;621;0,023500473;0,100384824;0,488139669;53371371355;545349247;160778821;351121407; 545.349.247 ; 160.778.821 ; 351.121.407 ;0,010218011;0,003012454;0,006578834;1;5,112367957;0,177630006;0,616316724;202504;1_Alto_p1
0;1;115;82;0,713043478;0,000436869;14,81097026;201508224;39820780;18102511;29880221;585170027;178881332;381001628;0,010922878;0,003339028;0,007111838;0,950998185;5,112367957;0,177630006;0,616316724;202504;1_Alto_p1
1;0;28429;746;0,02624081;0,107997736;0,54506054;32355462888;457752810;152971702;277848972; 1.042.922.837 ; 331.853.034 ; 658.850.600 ;0,012137123;0,003861974;0,007667442;0,944527736;5,112367957;0,177630006;0,616316724;202504;1_Alto_p1
1;1;117;97;0,829059829;0,000444466;17,22080188;194668306;38089992;12929665;24607917;1081012829;344782699;683458517;0,012551963;0,004003375;0,007935841;0,885662432;5,112367957;0,177630006;0,616316724;202504;1_Alto_p1
2;0;25061;657;0,026216033;0,095203182;0,544545873;24340754950;355538202;113971362;226855108; 1.436.551.031 ; 458.754.061 ; 910.313.625 ;0,013004726;0,004152982;0,008240835;0,878008364;5,112367957;0,177630006;0,616316724;202504;1_Alto_p1
2;1;101;78;0,772277228;0,000383685;16,04134306;138951770;33453554;14081600;24783671;1470004585;472835661;935097296;0,013290854;0,004275082;0,00845456;0,826165864;5,112367957;0,177630006;0,616316724;202504;1_Alto_p1
3;0;26988;953;0,035311991;0,102523581;0,733482399;37371674812;603415392;199796821;392459974; 2.073.419.977 ; 672.632.482 ; 1.327.557.270 ;0,014012019;0,004545601;0,008971534;0,820011047;5,112367957;0,177630006;0,616316724;202504;1_Alto_p1
3;1;150;128;0,853333333;0,000569829;17,72499855;240045445;53012321;23914163;38448632;2126432298;696546645;1366005902;0,014346998;0,004699587;0,009216416;0,744811805;5,112367957;0,177630006;0,616316724;202504;1_Alto_p1
4;0;25047;779;0,031101529;0,095149998;0,646024874;42801714692;663256378;225035968;441777982; 2.789.688.676 ; 921.582.613 ; 1.807.783.884 ;0,014604465;0,004824632;0,009464037;0,734711592;5,112367957;0,177630006;0,616316724;202504;1_Alto_p1
4;1;125;98;0,784;0,000474857;16,28484242;186298918;47211990;17778392;33482609;2836900666;939361005;1841266493;0,014837156;0,004912913;0,009629931;0,673242326;5,112367957;0,177630006;0,616316724;202504;1_Alto_p1
5;0;25358;1544;0,060888083;0,096331443;1,264735754;53058958698;1335743363;457026325;858146220; 4.172.644.029 ; 1.396.387.330 ; 2.699.412.713 ;0,017082699;0,005716774;0,011051327;0,665509351;5,112367957;0,177630006;0,616316724;202504;1_Alto_p1
5;1;140;98;0,7;0,00053184;14,54003788;288788924;50606262;21630163;38734234;4223250291;1418017493;2738146947;0,017269462;0,005798472;0,011196666;0,543675531;5,112367957;0,177630006;0,616316724;202504;1_Alto_p1
6;0;26316;1217;0,04624563;0,099970749;0,960590303;49297555966;1017870686;357601736;676911387; 5.241.120.977 ; 1.775.619.229 ; 3.415.058.334 ;0,017836178;0,00604265;0,011621863;0,535942555;5,112367957;0,177630006;0,616316724;202504;1_Alto_p1
6;1;163;129;0,791411043;0,000619214;16,43878077;334591267;69711347;31413813;49572981;5310832324;1807033042;3464631315;0,018052859;0,006142561;0,011777156;0,439911623;5,112367957;0,177630006;0,616316724;202504;1_Alto_p1
7;0;32180;1390;0,043194531;0,122247252;0,897214448;58224900611;1176745167;406683948;786891098; 6.487.577.491 ; 2.213.716.990 ; 4.251.522.413 ;0,018409319;0,006281701;0,012064231;0,429732502;5,112367957;0,177630006;0,616316724;202504;1_Alto_p1
7;1;147;120;0,816326531;0,000558432;16,95631239;327000310;66875746;32859006;49392952;6554453237;2246575996;4300915365;0,018581845;0,006369033;0,012193076;0,320050501;5,112367957;0,177630006;0,616316724;202504;1_Alto_p1
8;0;23084;1092;0,047305493;0,08769284;0,982605228;38663211254;855998851;273193027;551914720; 7.410.452.088 ; 2.519.769.023 ; 4.852.830.085 ;0,018933317;0,006437878;0,012398727;0,310581551;5,112367957;0,177630006;0,616316724;202504;1_Alto_p1
8;1;169;152;0,899408284;0,000642007;18,68204359;351882753;71724799;28961109;50921256;7482176887;2548730132;4903751341;0,019099399;0,006506023;0,012517574;0,224414109;5,112367957;0,177630006;0,616316724;202504;1_Alto_p1
9;0;22571;2315;0,102565239;0,085744025;2,130432077;55980371667;2211282370;869904323;1511563957; 9.693.459.257 ; 3.418.634.455 ; 6.415.315.298 ;0,021650248;0,007635487;0,014328545;0,212420106;5,112367957;0,177630006;0,616316724;202504;1_Alto_p1
9;1;551;377;0,684210526;0,002093171;14,2120671;1284436957;212852026;82004999;147695616;9906311283;3500639454;6563010914;0,022062359;0,007796279;0,01461649;0,029748284;5,112367957;0,177630006;0,616316724;202504;1_Alto_p1
0;0;15209;145;0,009533829;0,099427324;0,220128549;2,03418E+11;770195508;265183110;412966143; 770.195.508 ; 265.183.110 ; 412.966.143 ;0,003786278;0,001303639;0,00203014;1;4,250418983;0,259455667;0,682056368;202504;3_Medio_p1
0;1;87;51;0,586206897;0,000568754;13,5350527;3374492431;106070584;30816738;61734244;876266092;295999848;474700387;0,004237426;0,001431389;0,002295545;0,978113208;4,250418983;0,259455667;0,682056368;202504;3_Medio_p1
1;0;15172;238;0,015686791;0,09918544;0,362195584;2,14835E+11;1268160922;416483371;812335546; 2.144.427.014 ; 712.483.219 ; 1.287.035.933 ;0,005086071;0,001689841;0,003052543;0,970415094;4,250418983;0,259455667;0,682056368;202504;3_Medio_p1
1;1;116;66;0,568965517;0,000758338;13,13696291;3873675133;127763520;44471341;93120361;2272190534;756954560;1380156294;0,005340035;0,001778972;0,003243602;0,934490566;4,250418983;0,259455667;0,682056368;202504;3_Medio_p1
2;0;15127;284;0,018774377;0,098891257;0,433485486;2,21346E+11;1301459651;462237870;924371056; 3.573.650.185 ; 1.219.192.430 ; 2.304.527.350 ;0,005524724;0,001884824;0,00356271;0,924528302;4,250418983;0,259455667;0,682056368;202504;3_Medio_p1
2;1;166;111;0,668674699;0,001085208;15,4391689;5364760934;186756337;57870222;123207784;3760406522;1277062652;2427735134;0,005765624;0,00195805;0,003722312;0,881660377;4,250418983;0,259455667;0,682056368;202504;3_Medio_p1
3;0;15106;322;0,021316033;0,098753971;0,492170318;2,04671E+11;1236316194;299817276;731143833; 4.996.722.716 ; 1.576.879.928 ; 3.158.878.967 ;0,005831278;0,001840251;0,003686477;0,86490566;4,250418983;0,259455667;0,682056368;202504;3_Medio_p1
3;1;191;129;0,67539267;0,001248643;15,59428154;4374811186;184306284;66348096;123346550;5181029000;1643228024;3282225517;0,006015654;0,00190794;0,003810968;0,816301887;4,250418983;0,259455667;0,682056368;202504;3_Medio_p1
4;0;15140;364;0,024042272;0,098976243;0,555117011;2,11358E+11;1260993460;384212825;856752644; 6.442.022.460 ; 2.027.440.849 ; 4.138.978.161 ;0,006005901;0,001890184;0,003858772;0,796830189;4,250418983;0,259455667;0,682056368;202504;3_Medio_p1
4;1;160;107;0,66875;0,001045984;15,44090755;3834584907;163263972;59228746;114001550;6605286432;2086669595;4252979711;0,006136176;0,001938473;0,003950931;0,741886792;4,250418983;0,259455667;0,682056368;202504;3_Medio_p1
5;0;15114;418;0,027656477;0,098806271;0,638566148;2,05874E+11;1596550691;553011979;917777239; 8.201.837.123 ; 2.639.681.574 ; 5.170.756.950 ;0,006396074;0,002058514;0,004032334;0,725735849;4,250418983;0,259455667;0,682056368;202504;3_Medio_p1
5;1;188;125;0,664893617;0,001229031;15,35186672;4478172752;211727300;69916734;157300916;8413564423;2709598308;5328057866;0,006538353;0,002105684;0,004140543;0,662641509;4,250418983;0,259455667;0,682056368;202504;3_Medio_p1
6;0;15063;465;0,030870345;0,098472863;0,712771792;2,10043E+11;1418736241;539441079;945439244; 9.832.300.664 ; 3.249.039.387 ; 6.273.497.110 ;0,006568685;0,002170592;0,004191148;0,643773585;4,250418983;0,259455667;0,682056368;202504;3_Medio_p1
6;1;236;168;0,711864407;0,001542827;16,43638503;5196787923;251859838;81659342;180311054;10084160502;3330698729;6453808164;0,006713637;0,002217448;0,004296692;0,573584906;4,250418983;0,259455667;0,682056368;202504;3_Medio_p1
7;0;15054;520;0,034542314;0,098414027;0,797554665;2,27007E+11;1622456777;475953443;1012479485; 11.706.617.279 ; 3.806.652.172 ; 7.466.287.649 ;0,006770556;0,002201588;0,004318149;0,548226415;4,250418983;0,259455667;0,682056368;202504;3_Medio_p1
7;1;242;164;0,67768595;0,001582051;15,64723156;5102738491;244848661;74741402;156905261;11951465940;3881393574;7623192910;0,006891826;0,00223821;0,004395922;0,469735849;4,250418983;0,259455667;0,682056368;202504;3_Medio_p1
8;0;14935;737;0,049347171;0,097636076;1,139387075;2,64021E+11;2916839088;917227656;2031711782; 14.868.305.028 ; 4.798.621.230 ; 9.654.904.692 ;0,007440955;0,002401506;0,004831869;0,444981132;4,250418983;0,259455667;0,682056368;202504;3_Medio_p1
8;1;362;269;0,743093923;0,002366539;17,15744981;7917969740;365812094;126539850;232961383;15234117122;4925161080;9887866075;0,007593936;0,002455105;0,004928925;0,333735849;4,250418983;0,259455667;0,682056368;202504;3_Medio_p1
9;0;14641;1401;0,095690185;0,09571408;2,209410544;4,09961E+11;6054000688;2074707367;3980866615; 21.288.117.810 ; 6.999.868.447 ; 13.868.732.690 ;0,008811122;0,002897236;0,005740249;0,293132075;4,250418983;0,259455667;0,682056368;202504;3_Medio_p1
9;1;657;541;0,823439878;0,004295072;19,01257425;13352156226;1008721625;367266945;689274927;22296839435;7367135392;14558007617;0,009177909;0,003032488;0,005992422;0,081660377;4,250418983;0,259455667;0,682056368;202504;3_Medio_p1
0;0;824;13;0,015776699;0,097549426;0,058759161;20697182595;45628215;5122160;16969931; 45.628.215 ; 5.122.160 ; 16.969.931 ;0,002204562;0,000247481;0,000819915;1;1,657192328;0,387652765;0,755757254;202504;6_Bajo_p2
0;1;21;14;0,666666667;0,00248609;2,482951205;1119951330;20872377;6980463;13960926;66500592;12102623;30930857;0,00304809;0,00055473;0,001417732;0,994268078;1,657192328;0,387652765;0,755757254;202504;6_Bajo_p2
1;0;805;31;0,038509317;0,095300107;0,143425132;15676889546;179448532;92502677;147472183; 245.949.124 ; 104.605.300 ; 178.403.040 ;0,006559689;0,002789919;0,004758173;0,988095238;1,657192328;0,387652765;0,755757254;202504;6_Bajo_p2
1;1;40;33;0,825;0,004735409;3,072652116;1117242954;32395960;11726776;22375192;278345084;116332076;200778232;0,007208908;0,003012905;0,005199991;0,974426808;1,657192328;0,387652765;0,755757254;202504;6_Bajo_p2
2;0;780;31;0,03974359;0,092340476;0,148022091;12650036909;45605198;8138967;29850334; 323.950.282 ; 124.471.043 ; 230.628.566 ;0,006319587;0,002428168;0,004499077;0,959876543;1,657192328;0,387652765;0,755757254;202504;6_Bajo_p2
2;1;65;56;0,861538462;0,00769504;3,208736942;1342844596;67698484;24741068;48709975;391648766;149212111;279338541;0,007445207;0,002836508;0,0053102;0,946208113;1,657192328;0,387652765;0,755757254;202504;6_Bajo_p2
3;0;748;43;0,057486631;0,088552149;0,21410475;12480971898;144637169;35715621;46075190; 536.285.935 ; 184.927.732 ; 325.413.731 ;0,008239763;0,002841321;0,004999818;0,921516755;1,657192328;0,387652765;0,755757254;202504;6_Bajo_p2
3;1;97;81;0,835051546;0,011483367;3,110088365;1825921035;95706408;21392797;72634202;631992343;206320529;398047933;0,009445262;0,003083505;0,005948913;0,902557319;1,657192328;0,387652765;0,755757254;202504;6_Bajo_p2
4;0;691;56;0,081041968;0,081804191;0,301834879;10205294826;109353074;38355350;76606659; 741.345.417 ; 244.675.879 ; 474.654.592 ;0,009613338;0,003172815;0,006155046;0,866843034;1,657192328;0,387652765;0,755757254;202504;6_Bajo_p2
4;1;153;133;0,869281046;0,01811294;3,23757363;2942712258;131401277;61352142;94248797;872746694;306028021;568903389;0,010901287;0,003822529;0,007106047;0,842151675;1,657192328;0,387652765;0,755757254;202504;6_Bajo_p2
5;0;642;46;0,07165109;0,076003315;0,266859242;8778182725;116987520;46330185;89442260; 989.734.214 ; 352.358.206 ; 658.345.649 ;0,011140985;0,003966335;0,007410695;0,7835097;1,657192328;0,387652765;0,755757254;202504;6_Bajo_p2
5;1;202;185;0,915841584;0,023913816;3,410984948;3192068344;148816147;51304317;99812711;1138550361;403662523;758158360;0,012371607;0,004386239;0,008238228;0,763227513;1,657192328;0,387652765;0,755757254;202504;6_Bajo_p2
6;0;577;58;0,100519931;0,068308275;0,374379125;8549777984;99467441;30821297;66116120; 1.238.017.802 ; 434.483.820 ; 824.274.480 ;0,0123089;0,004319823;0,008195288;0,681657848;1,657192328;0,387652765;0,755757254;202504;6_Bajo_p2
6;1;267;243;0,91011236;0,031608855;3,38964687;3694170405;188146492;69910646;126853734;1426164294;504394466;951128214;0,013677183;0,004837238;0,009121498;0,656084656;1,657192328;0,387652765;0,755757254;202504;6_Bajo_p2
7;0;540;74;0,137037037;0,063928022;0,510384414;6513907130;128860444;40432023;76793291; 1.555.024.738 ; 544.826.489 ; 1.027.921.505 ;0,014036147;0,004917777;0,009278346;0,548941799;1,657192328;0,387652765;0,755757254;202504;6_Bajo_p2
7;1;305;272;0,891803279;0,036107494;3,321456038;3999640314;276083183;83514049;186584093;1831107921;628340538;1214505598;0,015952252;0,005473979;0,010580534;0,516313933;1,657192328;0,387652765;0,755757254;202504;6_Bajo_p2
8;0;466;79;0,169527897;0,055167515;0,631394244;6086437633;125980015;41981393;100248160; 1.957.087.936 ; 670.321.931 ; 1.314.753.758 ;0,016191243;0,005545661;0,010877129;0,39638448;1,657192328;0,387652765;0,755757254;202504;6_Bajo_p2
8;1;379;351;0,926121372;0,044868;3,449271265;4870045129;313293083;127150754;207922276;2270381019;797472685;1522676034;0,018055685;0,00634207;0,012109403;0,361552028;1,657192328;0,387652765;0,755757254;202504;6_Bajo_p2
9;0;496;148;0,298387097;0,058719072;1,111320902;6549032009;250704181;105080172;180614578; 2.521.085.200 ; 902.552.857 ; 1.703.290.612 ;0,019056929;0,006822414;0,012875205;0,206790123;1,657192328;0,387652765;0,755757254;202504;6_Bajo_p2
9;1;349;321;0,919770774;0,041316444;3,425618926;3904868279;304702720;126724523;218496596;2825787920;1029277380;1921787208;0,020747771;0,007557259;0,014110331;0,141534392;1,657192328;0,387652765;0,755757254;202504;6_Bajo_p2
0;0;2749;14;0,005092761;0,099949098;0,13827374;17602704919;26834605;4643093;23324937; 26.834.605 ; 4.643.093 ; 23.324.937 ;0,001524459;0,000263772;0,001325077;1;4,410829503;0,329472585;0,709939262;202504;5_Bajo_p1
0;1;2;2;1;7,27E-05;27,15103653;20879056;403338;102223;268892;27237943;4745316;23593829;0,001545539;0,000269259;0,001338765;0,986179664;4,410829503;0,329472585;0,709939262;202504;5_Bajo_p1
1;0;2746;20;0,007283321;0,099840023;0,19774972;17381234022;20061744;5911141;9410703; 47.299.687 ; 10.656.457 ; 33.004.532 ;0,001351234;0,000304428;0,000942857;0,984205331;4,410829503;0,329472585;0,709939262;202504;5_Bajo_p1
1;1;4;3;0,75;0,000145433;20,36327739;54191338;2723649;1156683;1678055;50023336;11813140;34682587;0,001426833;0,00033695;0,000989263;0,964461994;4,410829503;0,329472585;0,709939262;202504;5_Bajo_p1
2;0;2737;25;0,009134088;0,099512798;0,247999968;18850372110;42062109;6918550;28148601; 92.085.445 ; 18.731.690 ; 62.831.188 ;0,001708153;0,000347466;0,001165496;0,961500494;4,410829503;0,329472585;0,709939262;202504;5_Bajo_p1
2;1;12;11;0,916666667;0,0004363;24,88845015;93040082;2853751;1421980;2232197;94939196;20153670;65063385;0,001758054;0,000373199;0,001204823;0,936821323;4,410829503;0,329472585;0,709939262;202504;5_Bajo_p1
3;0;2727;35;0,012834617;0,099149215;0,348473149;22783495260;61872903;14198369;27481903; 156.812.099 ; 34.352.039 ; 92.545.288 ;0,002042199;0,000447374;0,001205238;0,925962488;4,410829503;0,329472585;0,709939262;202504;5_Bajo_p1
3;1;24;20;0,833333333;0,0008726;22,62586377;262729078;13189816;8000984;10644752;170001915;42353023;103190040;0,002206423;0,000549692;0,001339284;0,891411649;4,410829503;0,329472585;0,709939262;202504;5_Bajo_p1
4;0;2723;32;0,011751744;0,099003781;0,319072041;26807874007;65729794;30228484;46060359; 235.731.709 ; 72.581.507 ; 149.250.399 ;0,002269782;0,000698863;0,001437083;0,871668312;4,410829503;0,329472585;0,709939262;202504;5_Bajo_p1
4;1;27;23;0,851851852;0,000981675;23,12866074;286134213;12798326;4181964;8123094;248530035;76763471;157373493;0,002386438;0,000737099;0,001511134;0,840078973;4,410829503;0,329472585;0,709939262;202504;5_Bajo_p1
5;0;2691;54;0,02006689;0,097840314;0,544836853;29813017183;135416982;49441579;91781046; 383.947.017 ; 126.205.050 ; 249.154.539 ;0,002866224;0,00094214;0,001859978;0,817374136;4,410829503;0,329472585;0,709939262;202504;5_Bajo_p1
5;1;60;50;0,833333333;0,002181501;22,62586377;814265814;32668515;13181632;23458197;416615532;139386682;272612736;0,003091309;0,001034256;0,002022801;0,764067127;4,410829503;0,329472585;0,709939262;202504;5_Bajo_p1
6;0;2673;62;0,023194912;0,097185864;0,629765905;36425893452;124310630;35097048;76403944; 540.926.162 ; 174.483.730 ; 349.016.680 ;0,003159692;0,001019205;0,002038698;0,714708786;4,410829503;0,329472585;0,709939262;202504;5_Bajo_p1
6;1;77;69;0,896103896;0,002799593;24,33014961;1016072789;60452766;16509063;32204876;601378928;190992793;381221556;0,003492087;0,001109057;0,002213677;0,653504442;4,410829503;0,329472585;0,709939262;202504;5_Bajo_p1
7;0;2651;67;0,025273482;0,09638598;0,686201225;49566391797;275746457;88958553;217056200; 877.125.385 ; 279.951.346 ; 598.277.756 ;0,003954965;0,001262303;0,002697639;0,585389931;4,410829503;0,329472585;0,709939262;202504;5_Bajo_p1
7;1;100;87;0,87;0,003635835;23,62140178;2196788437;121574718;33317867;71142529;998700103;313269213;669420285;0,004458979;0,001398679;0,002988816;0,519249753;4,410829503;0,329472585;0,709939262;202504;5_Bajo_p1
8;0;2591;88;0,033963721;0,094204479;0,922150218;78724144761;330949598;88354871;187155930; 1.329.649.701 ; 401.624.084 ; 856.576.215 ;0,004392643;0,001326809;0,002829793;0,433366239;4,410829503;0,329472585;0,709939262;202504;5_Bajo_p1
8;1;159;135;0,849056604;0,005780977;23,05276686;3272339510;158093308;58244460;103350722;1487743009;459868544;959926937;0,004862357;0,001502978;0,003137308;0,346495558;4,410829503;0,329472585;0,709939262;202504;5_Bajo_p1
9;0;2574;72;0,027972028;0,093586387;0,759469553;1,10041E+11;378175179;67206873;251281817; 1.865.918.188 ; 527.075.417 ; 1.211.208.754 ;0,004485245;0,00126697;0,002911472;0,213228036;4,410829503;0,329472585;0,709939262;202504;5_Bajo_p1
9;1;177;144;0,813559322;0,006435428;22,08897887;6116739366;263932419;103150360;182270500;2129850607;630225777;1393479254;0,005045493;0,001492969;0,003301072;0,142152024;4,410829503;0,329472585;0,709939262;202504;5_Bajo_p1
0;0;3524;342;0,097048808;0,085615024;0,345675493;10136671450;323662666;126342538;215525614; 323.662.666 ; 126.342.538 ; 215.525.614 ;0,031929876;0,012463908;0,021261971;1;1,532940914;0,161275477;0,606313572;202504;2_Alto_p2
0;1;614;514;0,83713355;0,014917033;2,981763073;1425693615;246409123;99021940;172181689;570071789;225364478;387707303;0,049304081;0,019491209;0,033531834;0,970404984;1,532940914;0,161275477;0,606313572;202504;2_Alto_p2
1;0;3371;385;0,114209433;0,081897913;0,406799454;6802355166;319711392;117691165;220981148; 889.783.181 ; 343.055.643 ; 608.688.451 ;0,04845068;0,018680145;0,033144445;0,925925926;1,532940914;0,161275477;0,606313572;202504;2_Alto_p2
1;1;748;627;0,838235294;0,018172542;2,985687343;1524222119;307903036;129721039;220875714;1197686217;472776682;829564165;0,060218698;0,023770831;0,041709818;0,8926099;1,532940914;0,161275477;0,606313572;202504;2_Alto_p2
2;0;3592;359;0,099944321;0,087267073;0,355988939;6201995513;260303532;92331039;166949352; 1.457.989.749 ; 565.107.721 ; 996.513.517 ;0,055881079;0,021659157;0,038193856;0,838352371;1,532940914;0,161275477;0,606313572;202504;2_Alto_p2
2;1;544;466;0,856617647;0,013216394;3,051162943;1187926325;252005903;109450414;180171516;1709995652;674558135;1176685033;0,062685735;0,024728234;0,043135412;0,807286258;1,532940914;0,161275477;0,606313572;202504;2_Alto_p2
3;0;3574;424;0,118634583;0,086829766;0,422561273;6743378331;305183660;116921491;209210298; 2.015.179.312 ; 791.479.626 ; 1.385.895.331 ;0,059231231;0,023263594;0,040734979;0,766960886;1,532940914;0,161275477;0,606313572;202504;2_Alto_p2
3;1;556;470;0,845323741;0,013507932;3,010935488;1184599418;239629784;93883637;164750358;2254809096;885363263;1550645689;0,064044628;0,025147477;0,044043873;0,73026999;1,532940914;0,161275477;0,606313572;202504;2_Alto_p2
4;0;3538;448;0,126625212;0,085955152;0,451022876;6691759564;332883300;135148509;219259908; 2.587.692.396 ; 1.020.511.772 ; 1.769.905.597 ;0,06176083;0,024356703;0,042242594;0,689598477;1,532940914;0,161275477;0,606313572;202504;2_Alto_p2
4;1;605;513;0,847933884;0,01469838;3,020232486;1340214727;269591605;112115858;186995040;2857284001;1132627630;1956900637;0,066081458;0,026194696;0,045257961;0,650830737;1,532940914;0,161275477;0,606313572;202504;2_Alto_p2
5;0;3420;513;0,15;0,08308836;0,534280893;6869991115;393817506;151980100;261539042; 3.251.101.507 ; 1.284.607.730 ; 2.218.439.679 ;0,06488084;0,025636366;0,04427245;0,606438214;1,532940914;0,161275477;0,606313572;202504;2_Alto_p2
5;1;686;585;0,852769679;0,016666262;3,037456972;1663974082;335132266;139331157;239037458;3586233773;1423938887;2457477137;0,06926871;0,02750362;0,047466585;0,562045691;1,532940914;0,161275477;0,606313572;202504;2_Alto_p2
6;0;3443;562;0,163229742;0,083647142;0,581403547;6814452493;438525988;173615043;319414977; 4.024.759.761 ; 1.597.553.930 ; 2.776.892.114 ;0,068696873;0,027267953;0,047397563;0,511422638;1,532940914;0,161275477;0,606313572;202504;2_Alto_p2
6;1;677;563;0,831610044;0,016447608;2,962089048;1629108220;330927903;139465197;235829563;4355687664;1737019127;3012721677;0,07233398;0,028846308;0,050031629;0,462789893;1,532940914;0,161275477;0,606313572;202504;2_Alto_p2
7;0;3404;619;0,181844888;0,082699643;0,647708329;6705584068;471163850;205662259;333038466; 4.826.851.514 ; 1.942.681.386 ; 3.345.760.143 ;0,072126608;0,029029072;0,049994977;0,414070613;1,532940914;0,161275477;0,606313572;202504;2_Alto_p2
7;1;710;608;0,856338028;0,017249338;3,050166976;1673156394;365970824;161649580;261656225;5192822338;2104330966;3607416368;0,075702545;0,030677578;0,052590014;0,360505365;1,532940914;0,161275477;0,606313572;202504;2_Alto_p2
8;0;3311;873;0,263666566;0,080440223;0,939146722;6579975265;676769327;345433073;527155893; 5.869.591.665 ; 2.449.764.039 ; 4.134.572.261 ;0,078078978;0,032587458;0,054999256;0,307892004;1,532940914;0,161275477;0,606313572;202504;2_Alto_p2
8;1;782;660;0,84398977;0,018998567;3,006184053;1905608428;414349552;186340415;300057608;6283941217;2636104454;4434629869;0,08152422;0,034199295;0,057532324;0,232346833;1,532940914;0,161275477;0,606313572;202504;2_Alto_p2
9;0;3054;1179;0,386051081;0,074196448;1,375064774;5692129038;844339462;430373180;642674142; 7.128.280.679 ; 3.066.477.634 ; 5.077.304.011 ;0,086118641;0,037046926;0,061340251;0,175233645;1,532940914;0,161275477;0,606313572;202504;2_Alto_p2
9;1;1008;846;0,839285714;0,024489201;2,989428806;2329486229;568438491;290471532;434216585;7696719170;3356949166;5511520596;0,090440809;0,039446054;0,064763488;0,073208723;1,532940914;0,161275477;0,606313572;202504;2_Alto_p2
0;0;2454;195;0,079462103;0,087555302;0,264665932;55946361725;815144632;272958493;572120154; 815.144.632 ; 272.958.493 ; 572.120.154 ;0,01457011;0,004878932;0,010226226;1;1,297517348;0,197105695;0,638267593;202504;4_Medio_p2
0;1;350;277;0,791428571;0,012487512;2,636026144;4790640560;235557164;83574444;165390448;1050701796;356532937;737510602;0,017299204;0,005870111;0,01214269;0,976827094;1,297517348;0,197105695;0,638267593;202504;4_Medio_p2
1;0;2348;212;0,090289608;0,083773369;0,300729309;47802923577;782404278;243518070;549105818; 1.833.106.074 ; 600.051.007 ; 1.286.616.420 ;0,016888772;0,00552839;0,011853854;0,943909685;1,297517348;0,197105695;0,638267593;202504;4_Medio_p2
1;1;457;375;0,820568928;0,016305123;2,733084481;5931231131;388495553;143374058;253448897;2221601627;743425065;1540065317;0,019407523;0,006494431;0,013453741;0,918716578;1,297517348;0,197105695;0,638267593;202504;4_Medio_p2
2;0;2301;193;0,083876575;0,082096475;0,2793693;42729705908;582323469;175882679;376471440; 2.803.925.096 ; 919.307.744 ; 1.916.536.757 ;0,017836576;0,005847982;0,012191643;0,874153298;1,297517348;0,197105695;0,638267593;202504;4_Medio_p2
2;1;499;403;0,80761523;0,017803625;2,689939356;6638251313;534792182;193100965;325844465;3338717278;1112408709;2242381222;0,020378023;0,006789641;0,013686483;0,851218063;1,297517348;0,197105695;0,638267593;202504;4_Medio_p2
3;0;2258;217;0,096102746;0,080562295;0,320091237;40496900282;786643339;340861719;511029280; 4.125.360.617 ; 1.453.270.428 ; 2.753.410.502 ;0,020189102;0,00711216;0,013474915;0,803327392;1,297517348;0,197105695;0,638267593;202504;4_Medio_p2
3;1;545;458;0,840366972;0,019444841;2,799026204;7498944647;643394094;224358154;471183654;4768754711;1677628582;3224594156;0,022511651;0,007919508;0,0152222;0,777540107;1,297517348;0,197105695;0,638267593;202504;4_Medio_p2
4;0;2237;319;0,142601699;0,079813044;0,474966181;42727684267;1370492052;433163854;780072228; 6.139.246.763 ; 2.110.792.436 ; 4.004.666.384 ;0,024116841;0,008291839;0,015731556;0,723113488;1,297517348;0,197105695;0,638267593;202504;4_Medio_p2
4;1;567;456;0,804232804;0,02022977;2,678673445;8402221519;698557386;289211289;462681034;6837804149;2400003725;4467347418;0,026002729;0,009126709;0,016988381;0,685204991;1,297517348;0,197105695;0,638267593;202504;4_Medio_p2
5;0;2234;297;0,132945389;0,079706008;0,442803728;41692261013;997929821;342693672;655578824; 7.835.733.970 ; 2.742.697.397 ; 5.122.926.242 ;0,025719845;0,009002571;0,016815383;0,631016043;1,297517348;0,197105695;0,638267593;202504;4_Medio_p2
5;1;569;487;0,855887522;0,020301127;2,850720792;8843207553;749276579;227835961;438513911;8585010549;2970533358;5561440153;0,027384375;0,009475375;0,017739822;0,595721925;1,297517348;0,197105695;0,638267593;202504;4_Medio_p2
6;0;2145;314;0,146386946;0,076530612;0,487573777;47660417157;1028755353;395287582;736636434; 9.613.765.902 ; 3.365.820.940 ; 6.298.076.587 ;0,026619077;0,009319454;0,01743843;0,537849079;1,297517348;0,197105695;0,638267593;202504;4_Medio_p2
6;1;657;543;0,826484018;0,023440845;2,752785985;10205552524;842480108;303438525;551820464;10456246010;3669259465;6849897051;0,028156152;0,009880432;0,018445123;0,500534759;1,297517348;0,197105695;0,638267593;202504;4_Medio_p2
7;0;2066;391;0,189254598;0,073712002;0,630353878;43245852386;1434150498;559261060;998091726; 11.890.396.508 ; 4.228.520.525 ; 7.847.988.777 ;0,02867836;0,010198737;0,018928506;0,43600713;1,297517348;0,197105695;0,638267593;202504;4_Medio_p2
7;1;737;605;0,820895522;0,026295133;2,734172276;11265547133;951898441;330038665;615974609;12842294949;4558559190;8463963386;0,030154889;0,010703916;0,019874164;0,389542484;1,297517348;0,197105695;0,638267593;202504;4_Medio_p2
8;0;1999;496;0,248124062;0,071321536;0,826431516;42814541268;1930711260;765645676;1399034613; 14.773.006.209 ; 5.324.204.866 ; 9.862.997.999 ;0,03151963;0,011359703;0,021043655;0,317647059;1,297517348;0,197105695;0,638267593;202504;4_Medio_p2
8;1;804;672;0,835820896;0,0286856;2,783884499;12691760432;1103772911;436151402;785754573;15876779120;5760356268;10648752572;0,032981526;0,011966239;0,022121118;0,258704694;1,297517348;0,197105695;0,638267593;202504;4_Medio_p2
9;0;1921;749;0,389901093;0,068538604;1,298650961;44486654193;2926599998;1268275632;2200687701; 18.803.379.118 ; 7.028.631.900 ; 12.849.440.273 ;0,035756661;0,013365705;0,024434602;0,178847296;1,297517348;0,197105695;0,638267593;202504;4_Medio_p2
9;1;880;756;0,859090909;0,031397174;2,861390374;13955121129;1394902979;686851160;1054616106;20198282097;7715483060;13904056379;0,037416298;0,014292543;0,025756562;0,089839572;1,297517348;0,197105695;0,638267593;202504;4_Medio_p2
0;0;856;15;0,017523364;0,097019154;0,066156887;21403434927;136077099;33134369;57936992; 136.077.099 ; 33.134.369 ; 57.936.992 ;0,006357722;0,001548087;0,002706902;1;1,530423153;0,335490443;0,721872402;202505;6_Bajo_p2
0;1;27;21;0,777777778;0,003060184;2,93638568;1170826914;20567754;6615387;13626116;156644853;39749756;71563108;0,006939091;0,001760844;0,00317012;0,993581515;1,530423153;0,335490443;0,721872402;202505;6_Bajo_p2
1;0;815;24;0,029447853;0,092372209;0,11117604;15476479404;127068328;14204782;45363853; 283.713.181 ; 53.954.538 ; 116.926.961 ;0,00745618;0,001417963;0,003072922;0,984595635;1,530423153;0,335490443;0,721872402;202505;6_Bajo_p2
1;1;67;51;0,76119403;0,007593789;2,873776177;2066573698;61055567;26145289;44713107;344768748;80099827;161640068;0,008594014;0,00199664;0,004029185;0,974326059;1,530423153;0,335490443;0,721872402;202505;6_Bajo_p2
2;0;781;40;0,051216389;0,088518644;0,19335995;14290326866;128772158;46462380;60253907; 473.540.906 ; 126.562.207 ; 221.893.975 ;0,008703573;0,002326184;0,00407836;0,952503209;1,530423153;0,335490443;0,721872402;202505;6_Bajo_p2
2;1;100;85;0,85;0,011334013;3,209050064;1729081790;68316578;16664832;38953544;541857484;143227039;260847519;0,00965246;0,002551396;0,004646647;0,935387249;1,530423153;0,335490443;0,721872402;202505;6_Bajo_p2
3;0;741;51;0,068825911;0,083985039;0,25984211;12443909567;154641769;34297771;132789486; 696.499.253 ; 177.524.810 ; 393.637.005 ;0,010155918;0,002588556;0,005739769;0,899015832;1,530423153;0,335490443;0,721872402;202505;6_Bajo_p2
3;1;142;127;0,894366197;0,016094299;3,376548121;3096663782;148195655;60818892;104821802;844694908;238343702;498458807;0,011784693;0,003325233;0,006954208;0,877192982;1,530423153;0,335490443;0,721872402;202505;6_Bajo_p2
4;0;726;37;0,050964187;0,082284937;0,192407798;10882228276;96944232;43467941;59789143; 941.639.140 ; 281.811.643 ; 558.247.950 ;0,011405578;0,003413436;0,006761763;0,822849807;1,530423153;0,335490443;0,721872402;202505;6_Bajo_p2
4;1;156;141;0,903846154;0,017681061;3,412338304;2433957754;128516571;46484725;89810317;1070155711;328296368;648058267;0,012591033;0,003862606;0,0076248;0,807017544;1,530423153;0,335490443;0,721872402;202505;6_Bajo_p2
5;0;670;73;0,108955224;0,07593789;0,411344433;9549823247;188726723;32586398;65916804; 1.258.882.434 ; 360.882.766 ; 713.975.071 ;0,013315405;0,003817116;0,007551831;0,746683783;1,530423153;0,335490443;0,721872402;202505;6_Bajo_p2
5;1;213;184;0,863849765;0,024141448;3,261337817;3253310753;183776619;48324000;101280622;1442659053;409206766;815255693;0,014751625;0,004184263;0,008336236;0,715447154;1,530423153;0,335490443;0,721872402;202505;6_Bajo_p2
6;0;626;62;0,099041534;0,070950924;0,373916752;8392102225;103003554;34685676;61676597; 1.545.662.607 ; 443.892.442 ; 876.932.290 ;0,014555808;0,004180222;0,008258243;0,636713736;1,530423153;0,335490443;0,721872402;202505;6_Bajo_p2
6;1;256;232;0,90625;0,029015074;3,421413671;3467336402;207703073;61840318;137507642;1753365680;505732760;1014439932;0,015989684;0,004611991;0,009251107;0,610183997;1,530423153;0,335490443;0,721872402;202505;6_Bajo_p2
7;0;591;76;0,128595601;0,066984019;0,485493789;7255346921;156796497;67336426;113412668; 1.910.162.177 ; 573.069.186 ; 1.127.852.600 ;0,016338545;0,004901739;0,009647071;0,510911425;1,530423153;0,335490443;0,721872402;202505;6_Bajo_p2
7;1;291;263;0,903780069;0,032981979;3,412088809;4049877010;260776432;73291016;172924615;2170938609;646360202;1300777215;0,017947385;0,00534353;0,010753666;0,4783911;1,530423153;0,335490443;0,721872402;202505;6_Bajo_p2
8;0;560;88;0,157142857;0,063470475;0,59326976;7068081692;171005242;62268997;128099852; 2.341.943.851 ; 708.629.199 ; 1.428.877.067 ;0,01829224;0,005534896;0,011160542;0,365853659;1,530423153;0,335490443;0,721872402;202505;6_Bajo_p2
8;1;322;294;0,913043478;0,036495523;3,44706145;3967951719;267181902;72501190;165468986;2609125753;781130389;1594346053;0,019766507;0,005917775;0,012078625;0,328198545;1,530423153;0,335490443;0,721872402;202505;6_Bajo_p2
9;0;538;160;0,29739777;0,060976992;1,122781566;6218705844;276998733;133226684;226899096; 2.886.124.486 ; 914.357.073 ; 1.821.245.149 ;0,020881259;0,00661542;0,013176802;0,202396234;1,530423153;0,335490443;0,721872402;202505;6_Bajo_p2
9;1;345;313;0,907246377;0,039102346;3,425175346;3705728849;323079714;133101249;237971414;3209204200;1047458322;2059216563;0,022612491;0,007380534;0,014509521;0,133932392;1,530423153;0,335490443;0,721872402;202505;6_Bajo_p2
0;0;2427;164;0,067573136;0,090603651;0,225695958;53132273788;904244688;363088084;722003976; 904.244.688 ; 363.088.084 ; 722.003.976 ;0,017018746;0,006833664;0,013588803;1;1,310886268;0,231444156;0,659160622;202505;4_Medio_p2
0;1;254;182;0,716535433;0,009482212;2,393246215;4267742943;256499159;62375377;162908071;1160743847;425463461;884912047;0,020222012;0,007412253;0,015416582;0,979551122;1,310886268;0,231444156;0,659160622;202505;4_Medio_p2
1;0;2333;200;0,085726532;0,087094486;0,286328756;46236528262;851481989;301644215;574289725; 2.012.225.836 ; 727.107.676 ; 1.459.201.772 ;0,01941618;0,007015939;0,014079992;0,956857855;1,310886268;0,231444156;0,659160622;202505;4_Medio_p2
1;1;345;281;0,814492754;0,012879382;2,720426109;4721581284;274757073;82020665;183972449;2286982909;809128341;1643174221;0,021105781;0,007467168;0,015164292;0,9319202;1,310886268;0,231444156;0,659160622;202505;4_Medio_p2
2;0;2274;206;0,09058927;0,084891925;0,302570421;42969354064;955266024;295283786;513374719; 3.242.248.933 ; 1.104.412.127 ; 2.156.548.940 ;0,021425381;0,00729816;0,014250875;0,896882793;1,310886268;0,231444156;0,659160622;202505;4_Medio_p2
2;1;403;339;0,841191067;0,015044611;2,809599141;5713640758;504217769;175542554;370599920;3746466702;1279954681;2527148860;0,023856597;0,008150443;0,016092275;0,871197007;1,310886268;0,231444156;0,659160622;202505;4_Medio_p2
3;0;2189;246;0,112380082;0,081718744;0,375352277;39830114950;959674341;329949228;652850692; 4.706.141.043 ; 1.609.903.909 ; 3.179.999.552 ;0,023904665;0,008177446;0,016152687;0,828927681;1,310886268;0,231444156;0,659160622;202505;4_Medio_p2
3;1;489;385;0,787321063;0,018255124;2,629671986;6496936673;393745366;133900662;281988787;5099886409;1743804571;3461988339;0,025077112;0,008574619;0,017023255;0,798254364;1,310886268;0,231444156;0,659160622;202505;4_Medio_p2
4;0;2097;237;0,113018598;0,078284242;0,377484936;39116008405;1010473585;275677866;725107858; 6.110.359.994 ; 2.019.482.437 ; 4.187.096.197 ;0,025199005;0,008328306;0,017267502;0,750249377;1,310886268;0,231444156;0,659160622;202505;4_Medio_p2
4;1;578;484;0,837370242;0,021577631;2,796837491;7395340450;591415334;203936642;394944533;6701775328;2223419079;4582040730;0,026820026;0,008897964;0,018337;0,720698254;1,310886268;0,231444156;0,659160622;202505;4_Medio_p2
5;0;2045;268;0,131051345;0,076343002;0,43771476;41412039811;1020357686;387160900;712251274; 7.722.133.014 ; 2.610.579.979 ; 5.294.292.004 ;0,026509978;0,008962086;0,018175233;0,660349127;1,310886268;0,231444156;0,659160622;202505;4_Medio_p2
5;1;633;518;0,818325434;0,023630866;2,733227358;9067334630;773466531;267152101;547881030;8495599545;2877732080;5842173034;0,028284827;0,009580978;0,019450641;0,626932668;1,310886268;0,231444156;0,659160622;202505;4_Medio_p2
6;0;1958;324;0,165474974;0,073095158;0,552690541;44142766912;1365133055;381056836;836081106; 9.860.732.600 ; 3.258.788.916 ; 6.678.254.140 ;0,028623179;0,009459429;0,01938526;0,56234414;1,310886268;0,231444156;0,659160622;202505;4_Medio_p2
6;1;724;592;0,817679558;0,027028036;2,731070115;11611253811;1020549111;307434108;624981431;10881281711;3566223024;7303235571;0,030555706;0,010014304;0,020508202;0,521945137;1,310886268;0,231444156;0,659160622;202505;4_Medio_p2
7;0;1920;370;0,192708333;0,07167656;0,643650639;42426018077;1391897320;589456061;959654863; 12.273.179.031 ; 4.155.679.085 ; 8.262.890.434 ;0,030795433;0,010427285;0,020732957;0,448129676;1,310886268;0,231444156;0,659160622;202505;4_Medio_p2
7;1;756;631;0,834656085;0,028222645;2,787772137;10538814785;852763875;316079142;589321535;13125942906;4471758227;8852211969;0,03208667;0,010931316;0,021639436;0,401995012;1,310886268;0,231444156;0,659160622;202505;4_Medio_p2
8;0;1785;424;0,237535014;0,066636801;0,79337287;42473239505;1570633517;489443692;986856827; 14.696.576.423 ; 4.961.201.919 ; 9.839.068.796 ;0,032546881;0,010987025;0,021789497;0,323316708;1,310886268;0,231444156;0,659160622;202505;4_Medio_p2
8;1;895;761;0,85027933;0,03341173;2,839954165;14021090555;1186853804;400629410;887257212;15883430227;5361831329;10726326008;0,034115942;0,011516651;0,023039023;0,270448878;1,310886268;0,231444156;0,659160622;202505;4_Medio_p2
9;0;1654;555;0,335550181;0,06174637;1,120745974;42019707755;2806626210;1271505037;2114968354; 18.690.056.437 ; 6.633.336.366 ; 12.841.294.362 ;0,036821038;0,01306825;0,025298468;0,175561097;1,310886268;0,231444156;0,659160622;202505;4_Medio_p2
9;1;1028;853;0,829766537;0,038376825;2,771440926;17021588440;1726191777;610355797;1214161049;20416248214;7243692163;14055455411;0,038916751;0,013807677;0,026792026;0,106359102;1,310886268;0,231444156;0,659160622;202505;4_Medio_p2
0;0;26670;622;0,023322085;0,10055234;0,507576364;53139014152;540438399;168436926;351252408; 540.438.399 ; 168.436.926 ; 351.252.408 ;0,010170275;0,003169741;0,006610066;1;5,241490505;0,18637709;0,62269896;202505;1_Alto_p1
0;1;76;63;0,828947368;0,000286538;18,04101545;138801039;29032368;10702892;18595493;569470767;179139818;369847901;0,010688703;0,003362372;0,006941874;0,948962009;5,241490505;0,18637709;0,62269896;202505;1_Alto_p1
1;0;29820;749;0,025117371;0,112428601;0,546648549;33275453271;458326912;134232707;307428417; 1.027.797.679 ; 313.372.525 ; 677.276.318 ;0,011874741;0,003620574;0,007824965;0,943792566;5,241490505;0,18637709;0,62269896;202505;1_Alto_p1
1;1;92;76;0,826086957;0,000346862;17,97876212;160865632;30029429;8628662;21009205;1057827108;322001187;698285523;0,012199016;0,003713364;0,00805273;0,882333634;5,241490505;0,18637709;0,62269896;202505;1_Alto_p1
2;0;23756;600;0,025256777;0,089565857;0,549682556;23903174138;338213153;97379405;228813305; 1.396.040.261 ; 419.380.592 ; 927.098.828 ;0,01262045;0,003791275;0,008381137;0,876097481;5,241490505;0,18637709;0,62269896;202505;1_Alto_p1
2;1;65;56;0,861538462;0,000245066;18,75032033;92318828;20971850;10243296;16652175;1417012111;429623888;943751003;0,012799358;0,003880637;0,008524561;0,826864692;5,241490505;0,18637709;0,62269896;202505;1_Alto_p1
3;0;26923;840;0,031200089;0,101506211;0,679031398;36089681477;581729635;190169001;390176796; 1.998.741.746 ; 619.792.889 ; 1.333.927.799 ;0,013615471;0,004222042;0,009086744;0,822269632;5,241490505;0,18637709;0,62269896;202505;1_Alto_p1
3;1;125;108;0,864;0,00047128;18,80389267;210729076;45697341;14306871;30825904;2044439087;634099760;1364753703;0,013906799;0,004313309;0,009283405;0,753343727;5,241490505;0,18637709;0,62269896;202505;1_Alto_p1
4;0;25119;712;0,028345077;0,094704696;0,616895595;43147448030;593431871;196773278;396146067; 2.637.870.958 ; 830.873.038 ; 1.760.899.770 ;0,013872033;0,004369394;0,009260218;0,744481825;5,241490505;0,18637709;0,62269896;202505;1_Alto_p1
4;1;135;108;0,8;0,000508983;17,41101173;220926258;48791643;18877101;36805786;2686662601;849750139;1797705556;0,014112223;0,00446348;0,009442802;0,686058915;5,241490505;0,18637709;0,62269896;202505;1_Alto_p1
5;0;26369;1447;0,054875043;0,099417498;1,194287515;54611916450;1276223997;402719896;875711822; 3.962.886.598 ; 1.252.470.035 ; 2.673.417.378 ;0,016175686;0,005112324;0,010912338;0,677197013;5,241490505;0,18637709;0,62269896;202505;1_Alto_p1
5;1;146;105;0,719178082;0,000550455;15,65202253;307591366;61341703;23571360;41223580;4024228301;1276041395;2714640958;0,016405473;0,005202007;0,01106671;0,558463937;5,241490505;0,18637709;0,62269896;202505;1_Alto_p1
6;0;26339;1173;0,04453472;0,09930439;0,969243174;47549501207;998178138;340676872;708155251; 5.022.406.439 ; 1.616.718.267 ; 3.422.796.209 ;0,01715025;0,005520685;0,011687985;0,549848199;5,241490505;0,18637709;0,62269896;202505;1_Alto_p1
6;1;157;120;0,76433121;0,000591928;16,63472459;339892727;56620291;19775357;38634148;5079026730;1636493624;3461430357;0,017323487;0,005581734;0,011806208;0,453598096;5,241490505;0,18637709;0,62269896;202505;1_Alto_p1
7;0;32676;1332;0,040763863;0,123196411;0,88717513;59571959793;1126328803;347093244;779977607; 6.205.355.533 ; 1.983.586.868 ; 4.241.407.964 ;0,017590907;0,005623061;0,012023519;0,443751539;5,241490505;0,18637709;0,62269896;202505;1_Alto_p1
7;1;166;134;0,807228916;0,00062586;17,56834015;360053441;74075644;23610888;52824045;6279431177;2007197756;4294232009;0,017782746;0,005684191;0,012160852;0,334454747;5,241490505;0,18637709;0,62269896;202505;1_Alto_p1
8;0;22165;1096;0,049447327;0,083567402;1,076159985;37376088905;920448609;299235718;628415132; 7.199.879.786 ; 2.306.433.474 ; 4.922.647.141 ;0,018437809;0,005906429;0,012606159;0,323459424;5,241490505;0,18637709;0,62269896;202505;1_Alto_p1
8;1;144;132;0,916666667;0,000542915;19,95011761;273437870;64726438;20694758;45070120;7264606224;2327128232;4967717261;0,018590546;0,005955255;0,012712675;0,233527529;5,241490505;0,18637709;0,62269896;202505;1_Alto_p1
9;0;23706;2294;0,096768751;0,089377345;2,106052314;57528476669;2078386971;736462357;1498513365; 9.342.993.195 ; 3.063.590.589 ; 6.466.230.626 ;0,020841064;0,006833836;0,014423978;0,222696316;5,241490505;0,18637709;0,62269896;202505;1_Alto_p1
9;1;586;420;0,716723549;0,002209362;15,59860266;1340675143;244926113;86310769;175599478;9587919308;3149901358;6641830104;0,021323641;0,007005416;0,014771505;0,034462952;5,241490505;0,18637709;0,62269896;202505;1_Alto_p1
0;0;15699;155;0,00987324;0,0996022;0,233311922;2,05737E+11;943280636;139412291;573782747; 943.280.636 ; 139.412.291 ; 573.782.747 ;0,004584889;0,000677624;0,002788916;1;4,446055754;0,281893996;0,692116116;202505;3_Medio_p1
0;1;60;32;0,533333333;0,00038067;12,60305847;2172112196;58450811;20712094;40940683;1001731447;160124385;614723430;0,004818125;0,000770166;0,002956695;0,976761619;4,446055754;0,281893996;0,692116116;202505;3_Medio_p1
1;0;15650;228;0,01456869;0,09929132;0,34426885;2,07867E+11;977242387;290081265;646550588; 1.978.973.834 ; 450.205.650 ; 1.261.274.018 ;0,004759715;0,001082809;0,003033544;0,971964018;4,446055754;0,281893996;0,692116116;202505;3_Medio_p1
1;1;104;77;0,740384615;0,000659827;17,49583237;3869615739;150778269;47891460;96186956;2129752103;498097110;1357460974;0,005075124;0,001186948;0,003234781;0,937781109;4,446055754;0,281893996;0,692116116;202505;3_Medio_p1
2;0;15639;307;0,019630411;0,099221531;0,463881037;2,21848E+11;1137251036;321035291;733637431; 3.267.003.139 ; 819.132.401 ; 2.091.098.405 ;0,005092811;0,001276915;0,003259736;0,926236882;4,446055754;0,281893996;0,692116116;202505;3_Medio_p1
2;1;119;74;0,621848739;0,000754995;14,69474254;3722104601;131961863;39414664;75574065;3398965002;858547065;2166672470;0,005267955;0,001330637;0,003358061;0,880209895;4,446055754;0,281893996;0,692116116;202505;3_Medio_p1
3;0;15633;351;0,022452504;0,099183464;0,530569171;2,11151E+11;1143707492;405347314;782290544; 4.542.672.494 ; 1.263.894.379 ; 2.948.963.014 ;0,005304589;0,00147588;0,003443576;0,869115442;4,446055754;0,281893996;0,692116116;202505;3_Medio_p1
3;1;130;98;0,753846154;0,000824784;17,81393842;3595116197;162049511;55636756;112676951;4704722005;1319531135;3061639965;0,005470851;0,001534407;0,003560205;0,816491754;4,446055754;0,281893996;0,692116116;202505;3_Medio_p1
4;0;15616;360;0,023053279;0,099075607;0,544765911;2,09956E+11;1232049069;303108173;798790519; 5.936.771.074 ; 1.622.639.308 ; 3.860.430.484 ;0,005548814;0,001516603;0,003608158;0,8017991;4,446055754;0,281893996;0,692116116;202505;3_Medio_p1
4;1;145;103;0,710344828;0,000919952;16,78597012;3808121058;153051623;43695592;91835157;6089822697;1666334900;3952265641;0,005671677;0,001551919;0,003680891;0,747826087;4,446055754;0,281893996;0,692116116;202505;3_Medio_p1
5;0;15606;389;0,02492631;0,099012162;0,589027026;2,06643E+11;1359499242;485615068;913771407; 7.449.321.939 ; 2.151.949.968 ; 4.866.037.048 ;0,00581811;0,001680728;0,003800499;0,732383808;4,446055754;0,281893996;0,692116116;202505;3_Medio_p1
5;1;159;108;0,679245283;0,001008774;16,05106503;3779317111;199739459;85669897;128097224;7649061398;2237619865;4994134272;0,00595653;0,001742495;0,003889067;0,674062969;4,446055754;0,281893996;0,692116116;202505;3_Medio_p1
6;0;15577;450;0,028888746;0,098828172;0,682662296;2,16101E+11;1488270871;401762070;1038986183; 9.137.332.269 ; 2.639.381.935 ; 6.033.120.455 ;0,006090548;0,001759297;0,004021415;0,657871064;4,446055754;0,281893996;0,692116116;202505;3_Medio_p1
6;1;187;136;0,727272727;0,00118642;17,18598882;3468338057;185924802;56236785;121464384;9323257071;2695618720;6154584839;0,006200143;0,001792638;0,004092916;0,590404798;4,446055754;0,281893996;0,692116116;202505;3_Medio_p1
7;0;15551;533;0,034274323;0,098663215;0,809927436;2,33942E+11;1611690867;485518890;991783793; 10.934.947.938 ; 3.181.137.610 ; 7.146.368.632 ;0,006292922;0,001830704;0,004112643;0,570014993;4,446055754;0,281893996;0,692116116;202505;3_Medio_p1
7;1;216;163;0,75462963;0,001370411;17,83245252;4959203435;256950535;84667613;172826994;11191898473;3265805223;7319195626;0,006422465;0,00187408;0,004200116;0,490104948;4,446055754;0,281893996;0,692116116;202505;3_Medio_p1
8;0;15375;736;0,047869919;0,097546584;1,131201346;2,68845E+11;2406886767;732642350;1522864622; 13.598.785.240 ; 3.998.447.573 ; 8.842.060.248 ;0,006760644;0,001987831;0,004395836;0,465667166;4,446055754;0,281893996;0,692116116;202505;3_Medio_p1
8;1;388;294;0,757731959;0,002461663;17,90576284;7769066693;434139650;135751727;297765280;14032924890;4134199300;9139825528;0,006949635;0,002047412;0,004526387;0,355322339;4,446055754;0,281893996;0,692116116;202505;3_Medio_p1
9;0;15006;1477;0,098427296;0,095205466;2,325909306;4,15307E+11;6790170312;2062942015;4368215539; 20.823.095.202 ; 6.197.141.315 ; 13.508.041.067 ;0,008553199;0,002545509;0,005548501;0,311244378;4,446055754;0,281893996;0,692116116;202505;3_Medio_p1
9;1;757;599;0,791281374;0,004802781;18,69856017;14626414385;1001796193;325169018;636896516;21824891395;6522310333;14144937583;0,008911155;0,002663075;0,005775412;0,089805097;4,446055754;0,281893996;0,692116116;202505;3_Medio_p1
0;0;2884;15;0,00520111;0,099986132;0,140468918;18192766859;28439170;20509297;24018965; 28.439.170 ; 20.509.297 ; 24.018.965 ;0,001563213;0,001127332;0,001320248;1;4,55676392;0,338126629;0,714834884;202505;5_Bajo_p1
0;1;1;1;1;3,47E-05;27,00749064;9280423;161115;96669;161115;28600285;20605966;24180080;0,001571267;0,001132069;0,001328426;0,985955056;4,55676392;0,338126629;0,714834884;202505;5_Bajo_p1
1;0;2880;20;0,006944444;0,099847455;0,187552018;18325976106;28399548;9699442;19021598; 56.999.833 ; 30.305.408 ; 43.201.678 ;0,001560441;0,000829648;0,0011827;0,985018727;4,55676392;0,338126629;0,714834884;202505;5_Bajo_p1
1;1;5;3;0,6;0,000173346;16,20449438;67702049;2497910;521372;1647352;59497743;30826780;44849030;0,001625811;0,00084236;0,001225526;0,966292135;4,55676392;0,338126629;0,714834884;202505;5_Bajo_p1
2;0;2876;24;0,008344924;0,099708778;0,225375443;20228022950;44010763;18629307;35411380; 103.508.506 ; 49.456.087 ; 80.260.410 ;0,001821571;0,000870342;0,001412445;0,963483146;4,55676392;0,338126629;0,714834884;202505;5_Bajo_p1
2;1;6;5;0,833333333;0,000208016;22,5062422;46516736;1712216;611586;1113360;105220722;50067673;81373770;0,001850189;0,000880384;0,001430867;0,941011236;4,55676392;0,338126629;0,714834884;202505;5_Bajo_p1
3;0;2862;38;0,013277428;0,099223409;0,358590022;24598455677;61020833;14280409;48076576; 166.241.555 ; 64.348.082 ; 129.450.346 ;0,002040557;0,00078985;0,001588958;0,936329588;4,55676392;0,338126629;0,714834884;202505;5_Bajo_p1
3;1;23;19;0,826086957;0,000797393;22,31053574;272329192;13227093;5011939;8254782;179468648;69360021;137705128;0,002195576;0,000848534;0,001684651;0,900749064;4,55676392;0,338126629;0,714834884;202505;5_Bajo_p1
4;0;2861;49;0,017126879;0,099188739;0,462554016;27262836959;113934155;16608217;76483516; 293.402.803 ; 85.968.238 ; 214.188.644 ;0,002691673;0,000788671;0,001964963;0,882958801;4,55676392;0,338126629;0,714834884;202505;5_Bajo_p1
4;1;24;22;0,916666667;0,000832062;24,75686642;292513021;13143571;4029804;8019346;306546374;89998042;222207990;0,002804725;0,000823431;0,002033077;0,837078652;4,55676392;0,338126629;0,714834884;202505;5_Bajo_p1
5;0;2823;45;0,015940489;0,097871308;0,430512603;31821260466;87667394;23723927;62776279; 394.213.768 ; 113.721.969 ; 284.984.269 ;0,002793511;0,000805866;0,00201948;0,816479401;4,55676392;0,338126629;0,714834884;202505;5_Bajo_p1
5;1;60;52;0,866666667;0,002080155;23,40649189;894975867;39484150;14319251;27784097;433697918;128041220;312768366;0,003053939;0,000901618;0,002202398;0,774344569;4,55676392;0,338126629;0,714834884;202505;5_Bajo_p1
6;0;2800;68;0,024285714;0,097073915;0,655896201;37835794480;116503278;27969697;79241152; 550.201.196 ; 156.010.917 ; 392.009.518 ;0,003059249;0,000867458;0,002179666;0,725655431;4,55676392;0,338126629;0,714834884;202505;5_Bajo_p1
6;1;85;72;0,847058824;0,002946887;22,87693325;1433106742;71249769;17580545;51245729;621450965;173591462;443255247;0,003428098;0,000957579;0,002445121;0,661985019;4,55676392;0,338126629;0,714834884;202505;5_Bajo_p1
7;0;2779;73;0,026268442;0,09634586;0,709444698;50636692050;216795236;65859441;181263447; 838.246.201 ; 239.450.903 ; 624.518.694 ;0,003614404;0,00103248;0,00269284;0,594569288;4,55676392;0,338126629;0,714834884;202505;5_Bajo_p1
7;1;105;91;0,866666667;0,003640272;23,40649189;2049604790;114995433;40319589;76655460;953241634;279770492;701174154;0,004074242;0,001195765;0,002996883;0,526217228;4,55676392;0,338126629;0,714834884;202505;5_Bajo_p1
8;0;2703;100;0,03699593;0,093710997;0,999167245;81249692674;325801212;116574345;234048469; 1.279.042.846 ; 396.344.837 ; 935.222.623 ;0,004057651;0,001257369;0,002966912;0,441011236;4,55676392;0,338126629;0,714834884;202505;5_Bajo_p1
8;1;182;154;0,846153846;0,006309804;22,85249208;4154202461;223018728;54008215;126284260;1502061574;450353052;1061506883;0,004703176;0,001410122;0,003323735;0,347378277;4,55676392;0,338126629;0,714834884;202505;5_Bajo_p1
9;0;2696;66;0,024480712;0,093468312;0,661162605;1,13404E+11;509573757;230321280;335339217; 2.011.635.331 ; 680.674.332 ; 1.396.846.100 ;0,004648217;0,001572811;0,003227644;0,203183521;4,55676392;0,338126629;0,714834884;202505;5_Bajo_p1
9;1;189;151;0,798941799;0,006552489;21,57741315;6734507125;288378191;91873929;185911256;2300013522;772548261;1582757356;0,005233129;0,001757748;0,003601184;0,141385768;4,55676392;0,338126629;0,714834884;202505;5_Bajo_p1
0;0;3543;256;0,072255151;0,091782809;0,265738695;10159848664;269976308;74957734;179818954; 269.976.308 ; 74.957.734 ; 179.818.954 ;0,026572867;0,00737784;0,01769898;1;1,493145616;0,167205687;0,621766339;202505;2_Alto_p2
0;1;346;266;0,768786127;0,008963266;2,82742779;929581811;142527599;44449700;96504057;412503907;119407434;276323011;0,037197934;0,01076768;0,024917692;0,975609756;1,493145616;0,167205687;0,621766339;202505;2_Alto_p2
1;0;3362;301;0,089530042;0,087093933;0,329271977;6610501481;236263792;76281313;171020791; 648.767.699 ; 195.688.747 ; 447.343.802 ;0,036653683;0,011055904;0,025273758;0,950266768;1,493145616;0,167205687;0,621766339;202505;2_Alto_p2
1;1;525;447;0,851428571;0,013600332;3,131368685;1157964530;205320320;65538208;144780222;854088019;261226955;592124024;0,045290736;0,013852391;0,031399262;0,921589177;1,493145616;0,167205687;0,621766339;202505;2_Alto_p2
2;0;3355;358;0,106706408;0,086912595;0,392442909;5910304694;247939076;89483131;180233045; 1.102.027.095 ; 350.710.086 ; 772.357.069 ;0,044493627;0,014159691;0,031183414;0,879001524;1,493145616;0,167205687;0,621766339;202505;2_Alto_p2
2;1;535;441;0,824299065;0,013859386;3,031592275;1125322558;208456835;68260191;147215565;1310483930;418970277;919572634;0,05061049;0,016180504;0,035513615;0,844893293;1,493145616;0,167205687;0,621766339;202505;2_Alto_p2
3;0;3283;421;0,128236369;0,085047407;0,471625412;5994943861;343120746;120251453;242163538; 1.653.604.676 ; 539.221.730 ; 1.161.736.172 ;0,051855884;0,016909616;0,036431232;0,802877287;1,493145616;0,167205687;0,621766339;202505;2_Alto_p2
3;1;601;513;0,853577371;0,015569141;3,139271501;1347505352;265301676;93393944;183422248;1918906352;632615674;1345158420;0,057735826;0,019034065;0,040472967;0,762766768;1,493145616;0,167205687;0,621766339;202505;2_Alto_p2
4;0;3173;397;0,125118185;0,082197814;0,460157409;6040455962;299496062;108350266;215917447; 2.218.402.414 ; 740.965.940 ; 1.561.075.867 ;0,056481775;0,01886541;0,039745871;0,713891006;1,493145616;0,167205687;0,621766339;202505;2_Alto_p2
4;1;706;605;0,85694051;0,018289208;3,151640393;1563156129;319661721;110831336;225611166;2538064135;851797276;1786687033;0,062147158;0,020857148;0,043748903;0,676067073;1,493145616;0,167205687;0,621766339;202505;2_Alto_p2
5;0;3062;425;0,138798171;0,079322315;0,510469417;5713667835;302397184;109052957;206938785; 2.840.461.319 ; 960.850.233 ; 1.993.625.818 ;0,061015314;0,020639809;0,04282463;0,618426067;1,493145616;0,167205687;0,621766339;202505;2_Alto_p2
5;1;798;668;0,837092732;0,020672504;3,078644592;1940512715;369059605;124823991;259461345;3209520924;1085674224;2253087163;0,066184197;0,022387913;0,046461378;0,577934451;1,493145616;0,167205687;0,621766339;202505;2_Alto_p2
6;0;3113;483;0,155155798;0,08064349;0,570629204;5783892377;369291457;127731134;259013365; 3.578.812.381 ; 1.213.405.358 ; 2.512.100.528 ;0,065935276;0,022355522;0,046282405;0,514291159;1,493145616;0,167205687;0,621766339;202505;2_Alto_p2
6;1;745;635;0,852348993;0,019299518;3,134753796;1703280634;356056693;129234262;254188413;3934869074;1342639620;2766288941;0,070289444;0,023983871;0,049414837;0,468273628;1,493145616;0,167205687;0,621766339;202505;2_Alto_p2
7;0;3024;514;0,169973545;0,07833791;0,625125646;5578236912;364087843;145473902;258223646; 4.298.956.917 ; 1.488.113.522 ; 3.024.512.587 ;0,069834543;0,024173708;0,049131792;0,40777439;1,493145616;0,167205687;0,621766339;202505;2_Alto_p2
7;1;808;677;0,837871287;0,020931558;3,081507948;1954252234;394212558;154302835;289664299;4693169475;1642416357;3314176886;0,073892555;0,025859356;0,052180728;0,358803354;1,493145616;0,167205687;0,621766339;202505;2_Alto_p2
8;0;3001;681;0,226924359;0,077742086;0,834578324;5582793403;515271397;207059771;393831353; 5.208.440.872 ; 1.849.476.128 ; 3.708.008.239 ;0,075379533;0,026766675;0,053664414;0,294302591;1,493145616;0,167205687;0,621766339;202505;2_Alto_p2
8;1;842;703;0,834916865;0,021812341;3,070642226;1954264088;429638814;170416396;320176361;5638079686;2019892524;4028184600;0,079353148;0,028428976;0,056694681;0,229420732;1,493145616;0,167205687;0,621766339;202505;2_Alto_p2
9;0;2725;829;0,304220183;0,070592197;1,118855519;4953095015;658162860;258377190;484045359; 6.296.242.546 ; 2.278.269.714 ; 4.512.229.959 ;0,082841394;0,029975821;0,05936865;0,162442835;1,493145616;0,167205687;0,621766339;202505;2_Alto_p2
9;1;1055;876;0,830331754;0,02733019;3,053779187;2511143945;566176268;257348398;435136844;6862418814;2535618112;4947366803;0,087402954;0,03229481;0,063011962;0,083460366;1,493145616;0,167205687;0,621766339;202505;2_Alto_p2
